Print_Date,Emancipation_Date_Start,Site,Emancipation_Date_End,Breed,Species_,SpayNeutered,Stage_,Photo,Location_,Sort_By,Intake_Date_From,Review_Date_From,Intake_Date_To,Review_Date_To,Pre_Altered,Show_Photo,Video
"Friday, May 23, 2025",All,All,All,All,All,All,All,All,All,SubLocation - Alphabetical,All,All,All,All,N,No,All

Location_1,AVG_LOS,Distinct_Animals,AnimalNumber,AnimalName,AnimalType,PrimaryBreed,Age,Color,Declawed,PreAltered,IntakeType,Sex,Stage,Location,ARN,ChipNumber,Species,SecondaryBreed,DateOfBirth,ColorPattern,EmancipationDate,SpayedNeutered,IntakeDateTime,LOSInDays,StageChangeReason,SubLocation,AnimalWeight,Danger,DangerType,NumberOfPictures,Videos,HoldReason,HorForName,HoldStartDate,HoldPlacedBy,Total_Animals
  Adoptions Lobby,Avg. LOS: 61,2,A0058071379,CHERRY BLOSSOM,Other,Florida White,N/A,White/,N,N,Owner/Guardian Surrender/Evaluation/Poss Adopt - OTC!,F,Hold - Surgery,Adoptions Lobby,,,Rabbit,Satin,,,,N,3/25/2025 8:33 AM,59.00,,Rabbitat 1,4.75 pound,No,,3,No,,,,,353
  Adoptions Lobby,Avg. LOS: 61,2,A0058054537,HONEYSUCKLE,Other,Rex,N/A,Grey/Tan,N,N,Owner/Guardian Surrender/Evaluation/Poss Adopt - OTC!,F,Available,Adoptions Lobby,,941010003773207,Rabbit,,,,,Y,3/21/2025 9:20 AM,63.00,,Rabbitat 2,4.50 pound,No,,2,No,,,,,353
  Cat Adoption Condo Rooms,Avg. LOS: 30,27,A0058443991,NAIA,Cat,Domestic Longhair,8m 17d,Grey/,N,N,Seized/Signed Over,F,Available,Cat Adoption Condo Rooms,5,941010003716225,Cat,,9/6/2024 12:00:00 AM,,,Y,5/6/2025 1:22 PM,16.80,,Condo B,3.60 pound,No,,3,No,,,,,353
  Cat Adoption Condo Rooms,Avg. LOS: 30,27,A0058444019,Jean Collette,Cat,Domestic Longhair,8m 17d,Grey/White,N,N,Seized/Signed Over,F,Available,Cat Adoption Condo Rooms,Case #8,941010003064264,Cat,,9/6/2024 12:00:00 AM,,,Y,5/6/2025 1:22 PM,16.80,,Condo B,4.70 pound,No,,3,No,,,,,353
  Cat Adoption Condo Rooms,Avg. LOS: 30,27,A0058459351,BAREFOOT,Cat,Domestic Longhair,3y 15d,Black/Orange,N,N,Seized/Signed Over,F,Available,Cat Adoption Condo Rooms,46,941010003655899,Cat,,5/8/2022 12:00:00 AM,Tortoiseshell/,,Y,5/8/2025 12:59 PM,14.80,,Condo B,5.75 pound,No,,3,No,,,,,353
  Cat Adoption Condo Rooms,Avg. LOS: 30,27,A0058486307,ROSSI,Cat,Domestic Longhair,3y 10d,Brown/White,N,N,Seized/Signed Over,F,Available,Cat Adoption Condo Rooms,59,941010003742256,Cat,,5/13/2022 12:00:00 AM,Tabby/,,Y,5/12/2025 5:00 PM,10.60,,Condo B,5.75 pound,No,,2,No,,,,,353
  Cat Adoption Condo Rooms,Avg. LOS: 30,27,A0057930227,CALIX,Cat,Domestic Shorthair,4y 2m 19d,Orange/,N,N,Seized/Signed Over,M,Available,Cat Adoption Condo Rooms,,941010003826211,Cat,,3/4/2021 12:00:00 AM,Tabby/,,Y,2/27/2025 6:01 PM,84.60,bite/scratch,Condo C,10.50 pound,No,,3,No,,,,,353
  Cat Adoption Condo Rooms,Avg. LOS: 30,27,A0057940951,SNOWDROP,Cat,Domestic Shorthair,2y 2m 20d,Black/,N,N,Seized/Signed Over,M,Available,Cat Adoption Condo Rooms,,941010002981906,Cat,,3/3/2023 12:00:00 AM,,,Y,3/1/2025 3:17 PM,82.70,,Condo C,8.40 pound,No,,3,No,,,,,353
  Cat Adoption Condo Rooms,Avg. LOS: 30,27,A0058444000,Christophe Blanc,Cat,Domestic Longhair,8m 17d,Black/White,N,N,Seized/Signed Over,M,Available,Cat Adoption Condo Rooms,Case #6,941010003719574,Cat,,9/6/2024 12:00:00 AM,,,Y,5/6/2025 1:22 PM,16.80,,Condo D,3.50 pound,No,,3,No,,,,,353
  Cat Adoption Condo Rooms,Avg. LOS: 30,27,A0058444008,RED CAT,Cat,Domestic Longhair,8m 17d,Orange/White,N,N,Seized/Signed Over,M,Available,Cat Adoption Condo Rooms,7,941010003025003,Cat,,9/6/2024 12:00:00 AM,Tabby/,,Y,5/6/2025 1:22 PM,16.80,,Condo D,5.00 pound,No,,2,No,,,,,353
  Cat Adoption Condo Rooms,Avg. LOS: 30,27,A0058444296,Oyster Bay,Cat,Domestic Longhair,1y 17d,Black/White,N,N,Seized/Signed Over,M,Available,Cat Adoption Condo Rooms,23,941010002905622,Cat,,5/6/2024 12:00:00 AM,,,Y,5/6/2025 1:22 PM,16.80,,Condo D,6.25 pound,No,,3,No,,,,,353
  Cat Adoption Condo Rooms,Avg. LOS: 30,27,A0058470414,GIESEN,Cat,Domestic Longhair,3y 14d,Black/White,N,N,Seized/Signed Over,M,Available,Cat Adoption Condo Rooms,,941010003623607,Cat,,5/9/2022 12:00:00 AM,,,Y,5/9/2025 3:32 PM,13.70,,Condo D,8.25 pound,No,,3,No,,,,,353
  Cat Adoption Condo Rooms,Avg. LOS: 30,27,A0058486296,LAMARCA,Cat,Domestic Longhair,1y 10d,Black/,N,N,Seized/Signed Over,F,Available,Cat Adoption Condo Rooms,57,941010003744152,Cat,,5/13/2024 12:00:00 AM,,,Y,5/12/2025 5:00 PM,10.60,,Condo D,5.75 pound,No,,0,No,,,,,353
  Cat Adoption Condo Rooms,Avg. LOS: 30,27,A0058486299,DI' ASTI,Cat,Domestic Longhair,3y 10d,Blue/,N,N,Seized/Signed Over,F,Available,Cat Adoption Condo Rooms,58,941010003705895,Cat,,5/13/2022 12:00:00 AM,,,Y,5/12/2025 5:00 PM,10.60,,Condo D,7.50 pound,No,,2,No,,,,,353
  Cat Adoption Condo Rooms,Avg. LOS: 30,27,A0057657151,Charleston,Cat,Domestic Shorthair,5y 4m 7d,Brown/White,N,N,Owner/Guardian Surrender/Evaluation/Poss Adopt - FIELD!,M,Available,Cat Adoption Condo Rooms,,941010002357406,Cat,,1/16/2020 12:00:00 AM,Tabby/,,Y,1/16/2025 11:57 AM,126.90,,Condo E,11.40 pound,No,,3,No,,,,,353
  Cat Adoption Condo Rooms,Avg. LOS: 30,27,A0058539186,REBA,Cat,Domestic Shorthair,3y 3d,Brown/,N,Y,Owner/Guardian Surrender/Guardian Surrender - OTC!,F,Hold - Behavior,Cat Adoption Condo Rooms,,941010003756421,Cat,,5/20/2022 12:00:00 AM,Torbie/,,Y,5/20/2025 1:47 PM,2.80,,Condo E,7.75 pound,No,,0,No,,,,,353
  Cat Adoption Condo Rooms,Avg. LOS: 30,27,A0058539224,A&W,Cat,Domestic Shorthair,3y 3d,Black/White,N,Y,Owner/Guardian Surrender/Guardian Surrender - OTC!,M,Hold - Behavior,Cat Adoption Condo Rooms,BW,941010003672637,Cat,,5/20/2022 12:00:00 AM,,,Y,5/20/2025 1:47 PM,2.80,,Condo E,10.75 pound,No,,0,No,,,,,353
  Cat Adoption Condo Rooms,Avg. LOS: 30,27,A0058444435,MONDAVI,Cat,Domestic Longhair,4y 16d,Black/Orange,N,N,Seized/Signed Over,F,Available,Cat Adoption Condo Rooms,31,941010003765312,Cat,,5/7/2021 12:00:00 AM,Calico/,,Y,5/6/2025 1:22 PM,16.80,,Condo F,7.00 pound,No,,0,No,,,,,353
  Cat Adoption Condo Rooms,Avg. LOS: 30,27,A0058446727,FAY,Cat,Domestic Longhair,4y 17d,Black/Orange,N,N,Seized/Signed Over,F,Available,Cat Adoption Condo Rooms,Case #32,941010003742522,Cat,,5/6/2021 12:00:00 AM,Tortoiseshell/,,Y,5/6/2025 3:51 PM,16.70,,Condo F,7.90 pound,No,,2,No,,,,,353
  Cat Adoption Condo Rooms,Avg. LOS: 30,27,A0058446768,GAIA,Cat,Domestic Longhair,2y 17d,Black/White,N,N,Seized/Signed Over,F,Available - ITFF Medical,Cat Adoption Condo Rooms,34,941010003723692,Cat,,5/6/2023 12:00:00 AM,,,Y,5/6/2025 3:51 PM,16.70,,Condo F,7.30 pound,No,,2,No,,,,,353
  Cat Adoption Condo Rooms,Avg. LOS: 30,27,A0058454445,Quinta Nova,Cat,Domestic Longhair,2y 16d,Grey/Tan,N,N,Seized/Signed Over,F,Available,Cat Adoption Condo Rooms,42,941010002691943,Cat,,5/7/2023 12:00:00 AM,Tortoiseshell/,,Y,5/7/2025 3:31 PM,15.70,,Condo F,5.80 pound,No,,0,No,,,,,353
  Cat Adoption Condo Rooms,Avg. LOS: 30,27,A0058474045,ARTEMIS,Cat,Siamese,4y 13d,Seal/,N,N,Seized/Signed Over,F,Available,Cat Adoption Condo Rooms,,941010003753793,Cat,Mix,5/10/2021 12:00:00 AM,Point/,,Y,5/10/2025 11:39 AM,12.90,,Condo F,6.20 pound,No,,0,No,,,,,353
  Cat Adoption Condo Rooms,Avg. LOS: 30,27,A0058493772,FRAPPATO,Cat,Balinese,2y 10d,Seal/,N,N,Seized/Signed Over,M,Available,Cat Adoption Condo Rooms,,941010002715124,Cat,Mix,5/13/2023 12:00:00 AM,Point/,,Y,5/13/2025 3:31 PM,9.70,,Condo F,7.00 pound,No,,1,No,,,,,353
  Cat Adoption Condo Rooms,Avg. LOS: 30,27,A0058262248,PALM,Cat,Domestic Shorthair,5y 1m 8d,Brown/White,N,Y,Stray/OTC,F,Hold - Behavior Mod.,Cat Adoption Condo Rooms,,,Cat,,4/15/2020 12:00:00 AM,Tabby/,,Y,4/8/2025 8:51 AM,45.00,HAS AN ADOPTER/  SEE MEMO,Meet & Greet 109B,13.25 pound,No,,0,No,,,,,353
  Cat Adoption Condo Rooms,Avg. LOS: 30,27,A0058360450,GINSENG,Other,New Zealand,N/A,Lilac/Grey,N,N,Stray/OTC,F,Available,Cat Adoption Condo Rooms,,941010002723854,Rabbit,Satin,,,,Y,4/23/2025 2:50 PM,29.80,,Rabbitat 1,6.75 pound,No,,2,No,,,,,353
  Cat Adoption Condo Rooms,Avg. LOS: 30,27,A0058212975,Bunny 2,Other,Florida White,1m 24d,White/,N,N,Owner/Guardian Surrender/Born in Care,M,Hold - Foster,Cat Adoption Condo Rooms,,,Rabbit,Satin,3/29/2025 12:00:00 AM,,,N,3/30/2025 10:06 AM,53.90,returned from FC,Rabbitat 2,1.20 pound,No,,0,No,,,,,353
  Cat Adoption Condo Rooms,Avg. LOS: 30,27,A0058212978,Bunny 1,Other,Florida White,1m 24d,White/,N,N,Owner/Guardian Surrender/Born in Care,M,Hold - Foster,Cat Adoption Condo Rooms,,,Rabbit,Satin,3/29/2025 12:00:00 AM,,,N,3/30/2025 10:06 AM,53.90,returned from FC,Rabbitat 2,1.40 pound,No,,0,No,,,,,353
  Cat Adoption Condo Rooms,Avg. LOS: 30,27,A0058212985,Bunny 5,Other,Florida White,1m 24d,White/,N,N,Owner/Guardian Surrender/Born in Care,M,Hold - Foster,Cat Adoption Condo Rooms,,,Rabbit,Satin,3/29/2025 12:00:00 AM,,,N,3/30/2025 10:06 AM,53.90,returned from FC,Rabbitat 2,1.60 pound,No,,0,No,,,,,353
  Cat Adoption Condo Rooms,Avg. LOS: 30,27,A0058212987,Bunny 7,Other,Florida White,1m 24d,White/,N,N,Owner/Guardian Surrender/Born in Care,M,Hold - Foster,Cat Adoption Condo Rooms,,,Rabbit,Satin,3/29/2025 12:00:00 AM,,,N,3/30/2025 10:06 AM,53.90,returned from FC,Rabbitat 2,10.90 ounce,No,,0,No,,,,,353
  Cat Adoption Room G,Avg. LOS: 56,6,A0057237345,BETTY,Cat,Domestic Shorthair,14y 6m 15d,Black/White,N,Y,Owner/Guardian Surrender/Evaluation/Poss Adopt - OTC!,F,Available,Cat Adoption Room G,BELLA,941010002339167,Cat,,11/8/2010 12:00:00 AM,,,Y,11/8/2024 8:47 AM,196.00,,01,10.25 pound,No,,3,No,,,,,353
  Cat Adoption Room G,Avg. LOS: 56,6,A0057806699,RES,Cat,Domestic Shorthair,2y 2m 10d,Black/White,N,Y,Owner/Guardian Surrender/Guardian Surrender - FIELD!,F,Available,Cat Adoption Room G,,941010002901893,Cat,,3/13/2023 12:00:00 AM,,,Y,4/28/2025 8:13 AM,25.00,,03,6.50 pound,No,,3,No,,,,,353
  Cat Adoption Room G,Avg. LOS: 56,6,A0058461367,RALPH,Cat,Domestic Shorthair,4y 13d,Blue/,N,N,Stray/OTC,M,Available,Cat Adoption Room G,RALPH,941010003676359,Cat,,5/10/2021 12:00:00 AM,,,Y,5/10/2025 9:48 AM,13.00,,04,10.30 pound,No,,2,No,,,,,353
  Cat Adoption Room G,Avg. LOS: 56,6,A0058294092,LULU,Cat,Domestic Shorthair,11y 11m 17d,Brown/,B,Y,Owner/Guardian Surrender/Guardian Surrender - FIELD!,F,Available,Cat Adoption Room G,PRINCESS LULU,0A13743B34,Cat,,6/6/2013 12:00:00 AM,Tabby/,,Y,4/12/2025 4:42 PM,40.70,,05,19.20 pound,No,,3,No,,,,,353
  Cat Adoption Room G,Avg. LOS: 56,6,A0058246097,Peachy,Cat,Domestic Shorthair,4y 1m 19d,Orange/,N,N,Owner/Guardian Surrender/Evaluation/Poss Adopt - OTC!,F,Available,Cat Adoption Room G,,941010002851756,Cat,,4/4/2021 12:00:00 AM,,,Y,4/4/2025 11:59 AM,48.90,,06,6.30 pound,No,,3,No,,,,,353
  Cat Adoption Room G,Avg. LOS: 56,6,A0058465907,Bleu,Cat,Domestic Shorthair,8y 14d,Grey/White,N,N,Stray/OTC,M,Available,Cat Adoption Room G,,941010003713534,Cat,,5/9/2017 12:00:00 AM,Tabby/,,Y,5/9/2025 9:27 AM,14.00,,07,9.00 pound,No,,3,No,,,,,353
  Cat Adoption Room H,Avg. LOS: 37,8,A0058455231,MOUTH,Cat,Domestic Longhair,1y 15d,Brown/,N,N,Owner/Guardian Surrender/Evaluation/Poss Adopt - FIELD!,F,Available,Cat Adoption Room H,,941010003055855,Cat,,5/8/2024 12:00:00 AM,Tabby/,,Y,5/7/2025 4:34 PM,15.70,CLEARED,01,,No,,2,No,,,,,353
  Cat Adoption Room H,Avg. LOS: 37,8,A0058248928,MAMA MIA,Cat,Domestic Shorthair,8y 7m 19d,Black/White,N,Y,Owner/Guardian Surrender/Evaluation/Poss Adopt - OTC!,F,Hold - Bite/Scratch,Cat Adoption Room H,mama,941010002871585,Cat,,10/4/2016 12:00:00 AM,Tuxedo/,,Y,4/14/2025 11:53 AM,38.90,10 DAY CHECK,02,7.50 pound,No,,3,No,,,,,353
  Cat Adoption Room H,Avg. LOS: 37,8,A0058424470,GINNY,Cat,Domestic Shorthair,3y 20d,Grey/,N,N,Seized/Abandoned,F,Available,Cat Adoption Room H,,941010002719600,Cat,,5/3/2022 12:00:00 AM,,,Y,5/2/2025 3:58 PM,20.70,,03,6.50 pound,No,,3,No,,,,,353
  Cat Adoption Room H,Avg. LOS: 37,8,A0058370607,HELENA,Cat,Domestic Shorthair,5y 24d,Black/White,N,N,Seized/Signed Over,F,Available,Cat Adoption Room H,,941010002903015,Cat,,4/29/2020 12:00:00 AM,,,Y,4/24/2025 4:15 PM,28.70,,04,4.75 pound,No,,2,No,,,,,353
  Cat Adoption Room H,Avg. LOS: 37,8,A0058484864,PALMETTO,Cat,Domestic Shorthair,1y 11d,Black/White,N,N,Stray/OTC,F,Hold - Behavior,Cat Adoption Room H,,941010002702995,Cat,,5/12/2024 12:00:00 AM,,,Y,5/12/2025 3:06 PM,10.70,med clear for adoption,05,5.75 pound,No,,0,No,,,,,353
  Cat Adoption Room H,Avg. LOS: 37,8,A0058273702,TINK,Cat,Domestic Shorthair,9y 1m 14d,Brown/,N,Y,Owner/Guardian Surrender/Evaluation/Poss Adopt - OTC!,F,Available,Cat Adoption Room H,,982000405753704,Cat,,4/9/2016 12:00:00 AM,Tabby/,,Y,4/15/2025 12:35 PM,37.80,,06,16.25 pound,No,,3,No,,,,,353
  Cat Adoption Room H,Avg. LOS: 37,8,A0058344428,CHOOCHIE,Cat,Domestic Shorthair,7y 10m 4d,Brown/White,N,Y,Owner/Guardian Surrender/Guardian Surrender - OTC!,M,Available,Cat Adoption Room H,,941010002883602,Cat,,7/19/2017 12:00:00 AM,Tabby/,,Y,4/23/2025 12:13 PM,29.80,,07,9.00 pound,No,,3,No,,,,,353
  Cat Adoption Room H,Avg. LOS: 37,8,A0056455382,JANE,Cat,Domestic Shorthair,4y 9m 25d,Brown/,N,Y,Return/Owned More than 30 Days - OTC!,F,Available,Cat Adoption Room H,DESTINY,941010001779584,Cat,,7/29/2020 12:00:00 AM,Tabby/,,Y,1/29/2025 11:07 AM,113.90,MED CLEAR- ON MEDS,08,15.00 pound,No,,3,No,,,,,353
  Cat Behavior Room I,Avg. LOS: 34,7,A0058365249,LADY,Cat,Domestic Shorthair,7y 29d,Black/White,N,Y,Owner/Guardian Surrender/Evaluation/Poss Adopt - FIELD!,F,Hold - Behavior,Cat Behavior Room I,,941010003734648,Cat,,4/24/2018 12:00:00 AM,Tuxedo/,,Y,5/17/2025 7:52 AM,6.00,med cleared,02,18.70 pound,No,,0,No,,,,,353
  Cat Behavior Room I,Avg. LOS: 34,7,A0058089142,NINA,Cat,Domestic Shorthair,5y 17d,Brown/White,N,U,Seized/Owner died,F,Available - Behind the Scenes,Cat Behavior Room I,,982126058407497,Cat,,5/6/2020 12:00:00 AM,Tabby/,,Y,3/27/2025 10:53 AM,56.90,,03,8.75 pound,No,,2,No,,,,,353
  Cat Behavior Room I,Avg. LOS: 34,7,A0057975287,HEIDI,Cat,Domestic Shorthair,10y 2m 9d,Grey/Orange,N,Y,Owner/Guardian Surrender/Guardian Surrender - OTC!,F,Hold - Behavior,Cat Behavior Room I,,982000363563124,Cat,,3/14/2015 12:00:00 AM,Torbie/,,Y,3/14/2025 11:28 AM,69.90,Med clear,04,12.00 pound,No,,2,No,,,,,353
  Cat Behavior Room I,Avg. LOS: 34,7,A0058289985,LAUREL,Cat,Domestic Shorthair,2y 1m 12d,White/Grey,N,N,Stray/Abandoned by owner - OTC!,F,Hold - Behavior Mod.,Cat Behavior Room I,,941010002850830,Cat,,4/11/2023 12:00:00 AM,Tabby/,,Y,4/11/2025 1:25 PM,41.80,OK PER LA,05,7.75 pound,No,,0,No,,,,,353
  Cat Behavior Room I,Avg. LOS: 34,7,A0058377570,PLUM,Cat,Domestic Longhair,7y 27d,Black/White,N,N,Seized/Signed Over,F,Available - ITFF Medical,Cat Behavior Room I,,,Cat,,4/26/2018 12:00:00 AM,,,Y,4/25/2025 4:20 PM,27.70,,06,8.00 pound,No,,3,No,,,,,353
  Cat Behavior Room I,Avg. LOS: 34,7,A0056691955,Dash,Cat,Domestic Shorthair,10m 20d,Black/,N,Y,Return/Owned More than 30 Days - OTC!,M,Hold - Behavior,Cat Behavior Room I,,941010002032816,Cat,,7/3/2024 12:00:00 AM,,,Y,5/12/2025 10:03 AM,10.90,Med clear,07,8.60 pound,No,,0,No,,,,,353
  Cat Behavior Room I,Avg. LOS: 34,7,A0058416939,CURRY,Cat,Domestic Longhair,5y 10d,Brown/White,N,U,Owner/Guardian Surrender/Guardian Surrender - OTC!,F,Hold - Behavior,Cat Behavior Room I,,941010003718393,Cat,,5/13/2020 12:00:00 AM,Tabby/,,Y,5/1/2025 3:12 PM,21.70,still needs intake - stressed,08,10.50 pound,No,,0,No,,,,,353
  Cat Isolation 231,Avg. LOS: 10,6,A0058553455,Mia,Cat,Domestic Shorthair,1y 1d,Black/White,N,N,Owner/Guardian Surrender/Evaluation/Poss Adopt - OTC!,F,Hold - Surgery,Cat Isolation 231,,941010003651967,Cat,Mix,5/22/2024 12:00:00 AM,,,N,5/22/2025 9:56 AM,1.00,needs spay,Cage 1,7.00 pound,No,,0,No,,,,,353
  Cat Isolation 231,Avg. LOS: 10,6,A0058443968,Rothschild,Cat,Domestic Longhair,10m 17d,Black/,N,N,Seized/Signed Over,F,Hold - Behavior,Cat Isolation 231,4,941010002699190,Cat,,7/6/2024 12:00:00 AM,,,Y,5/6/2025 1:22 PM,16.80,med cleared,Cage 3,3.75 pound,No,,0,No,,,,,353
  Cat Isolation 231,Avg. LOS: 10,6,A0057219340,OAKLEY,Cat,Domestic Shorthair,2y 6m 18d,Brown/,N,Y,Return/Owned More than 30 Days - OTC!,M,Hold - Legal Notice,Cat Isolation 231,,941010002075543,Cat,,11/5/2022 12:00:00 AM,Tabby/,,Y,5/22/2025 2:11 PM,0.80,medically cleared,Cage 5,10.50 pound,No,,3,No,,,,,353
  Cat Isolation 231,Avg. LOS: 10,6,A0058520465,MALBEC,Cat,Domestic Longhair,1y 10d,Black/,N,N,Seized/Signed Over,M,Hold - Rescue,Cat Isolation 231,,941010003687146,Cat,,5/13/2024 12:00:00 AM,,,Y,5/17/2025 10:10 AM,5.90,HOLD FOR FCF,Cage 6,7.00 pound,No,,0,No,,,,,353
  Cat Isolation 231,Avg. LOS: 10,6,A0058444173,LUMINAILLE,Cat,Ragdoll,1y 6m 17d,Cream/Brown,N,N,Seized/Signed Over,F,Hold - Behavior,Cat Isolation 231,16,941010003749532,Cat,Mix,11/6/2023 12:00:00 AM,,,Y,5/6/2025 1:22 PM,16.80,,Cage 8,4.60 pound,No,,0,No,,,,,353
  Cat Isolation 231,Avg. LOS: 10,6,A0058444241,Henri Bourgeois,Cat,Snowshoe,1y 17d,Cream/Brown,N,N,Seized/Signed Over,M,Hold - Behavior,Cat Isolation 231,Case #20,941010003775939,Cat,Mix,5/6/2024 12:00:00 AM,,,Y,5/6/2025 1:22 PM,16.80,Medically cleared,Cage 9,6.25 pound,No,,0,No,,,,,353
  Cat Isolation 232,Avg. LOS: 54,6,A0058096306,Gyarados,Cat,Domestic Shorthair,2m 9d,Brown/,N,N,Seized/Signed Over,M,Hold - Doc,Cat Isolation 232,,941010002866141,Cat,Mix,3/14/2025 12:00:00 AM,Tabby/,,N,3/28/2025 10:31 AM,55.90,PANLEUK TREATMENT,Cage 1,2.60 pound,No,,0,No,,,,,353
  Cat Isolation 232,Avg. LOS: 54,6,A0058262133,Beans,Cat,Domestic Shorthair,2m 16d,Brown/White/Black,N,N,Stray/No Hold,M,Hold - Doc,Cat Isolation 232,,941010003411792,Cat,Mix,3/7/2025 12:00:00 AM,Tabby/,,N,4/7/2025 3:35 PM,45.70,panleuk tx,Cage 1,2.80 pound,No,,0,No,,,,,353
  Cat Isolation 232,Avg. LOS: 54,6,A0058096300,Gengar,Cat,Domestic Shorthair,2m 9d,Brown/,N,N,Seized/Signed Over,M,Hold - Doc,Cat Isolation 232,,941010002841729,Cat,Mix,3/14/2025 12:00:00 AM,Tabby/,,N,3/28/2025 10:31 AM,55.90,panleuk treament,Cage 2,2.10 pound,No,,0,No,,,,,353
  Cat Isolation 232,Avg. LOS: 54,6,A0058096304,Lucario,Cat,Domestic Shorthair,2m 9d,Brown/White,N,N,Seized/Signed Over,M,Hold - Doc,Cat Isolation 232,,941010002855744,Cat,Mix,3/14/2025 12:00:00 AM,Tabby/,,N,3/28/2025 10:31 AM,55.90,panleuk treatment,Cage 2,2.20 pound,No,,0,No,,,,,353
  Cat Isolation 232,Avg. LOS: 54,6,A0058096299,Clefairy,Cat,Domestic Shorthair,2m 9d,Brown/White,N,N,Seized/Signed Over,F,Hold - Doc,Cat Isolation 232,,941010002989733,Cat,Mix,3/14/2025 12:00:00 AM,Tabby/,,N,3/28/2025 10:31 AM,55.90,panleuk treatment,Cage 5,2.00 pound,No,,0,No,,,,,353
  Cat Isolation 232,Avg. LOS: 54,6,A0058096303,Mew,Cat,Domestic Shorthair,2m 9d,Brown/White,N,N,Seized/Signed Over,M,Hold - Doc,Cat Isolation 232,,941010002887849,Cat,Mix,3/14/2025 12:00:00 AM,Tabby/,,N,3/28/2025 10:31 AM,55.90,panleuk treatment,Cage 5,2.40 pound,No,,0,No,,,,,353
  Cat Isolation 234,Avg. LOS: 17,5,A0058531162,,Cat,Balinese,1y 4d,Lynx/,N,N,Stray/OTC,F,Hold - Stray,Cat Isolation 234,,,Cat,Mix,5/19/2024 12:00:00 AM,Point/,,N,5/19/2025 1:46 PM,3.80,,Cage 1,5.50 pound,No,,0,No,,,,,353
  Cat Isolation 234,Avg. LOS: 17,5,A0058246523,CHIPS,Cat,Domestic Shorthair,1y 7m 18d,Orange/White,N,N,Seized/Eviction,M,Hold - Behavior Mod.,Cat Isolation 234,,941010002913234,Cat,,10/5/2023 12:00:00 AM,Tabby/,,Y,4/4/2025 12:17 PM,48.80,,Cage 2,9.25 pound,No,,0,No,,,,,353
  Cat Isolation 234,Avg. LOS: 17,5,A0058506346,MELBOURNE,Cat,Domestic Longhair,1y 8d,Grey/White,N,N,Stray/OTC,M,Hold - Behavior,Cat Isolation 234,,941010003675206,Cat,,5/15/2024 12:00:00 AM,,,Y,5/15/2025 11:13 AM,7.90,medically cleared,Cage 3,9.00 pound,No,,0,No,,,,,353
  Cat Isolation 234,Avg. LOS: 17,5,A0058472245,BERINGER,Cat,Siamese,3y 11d,Seal/,N,N,Seized/Signed Over,M,Hold - Rescue,Cat Isolation 234,,941010003003010,Cat,Mix,5/12/2022 12:00:00 AM,Point/,,Y,5/9/2025 6:16 PM,13.60,HOLD FOR FCF,Cage 6,6.70 pound,No,,0,No,,,,,353
  Cat Isolation 234,Avg. LOS: 17,5,A0058474036,APOSTROPHE,Cat,Domestic Longhair,10m 13d,Black/,N,N,Seized/Signed Over,F,Hold - Rescue,Cat Isolation 234,,941010003731068,Cat,,7/10/2024 12:00:00 AM,,,Y,5/10/2025 11:39 AM,12.90,HOLD FOR FCF,Cage 6,6.30 pound,No,,0,No,,,,,353
  Cat Isolation 235,Avg. LOS: 16,5,A0058455307,Cloudy Bay,Cat,Snowshoe,4y 16d,Lilac/,N,N,Seized/Signed Over,F,Hold - Behavior,Cat Isolation 235,44,941010003755148,Cat,Mix,5/7/2021 12:00:00 AM,Point/,,Y,5/7/2025 4:36 PM,15.70,med clear for adoption,Cage 4,7.70 pound,No,,0,No,,,,,353
  Cat Isolation 235,Avg. LOS: 16,5,A0058444411,Vueve Clicquot,Cat,Domestic Longhair,8m 17d,Black/Orange,N,N,Seized/Signed Over,F,Hold - Behavior,Cat Isolation 235,29,941010002878862,Cat,Mix,9/6/2024 12:00:00 AM,Point/,,Y,5/6/2025 1:22 PM,16.80,med cleared,Cage 6,5.25 pound,No,,0,No,,,,,353
  Cat Isolation 235,Avg. LOS: 16,5,A0058444304,LAWSON,Cat,Ragdoll,8m 16d,Seal/,N,N,Seized/Signed Over,M,Hold - Behavior,Cat Isolation 235,24,941010003659283,Cat,Mix,9/7/2024 12:00:00 AM,Point/,,Y,5/6/2025 1:22 PM,16.80,medically cleared,Cage 7,5.50 pound,No,,0,No,,,,,353
  Cat Isolation 235,Avg. LOS: 16,5,A0058455303,La Castellana,Cat,Siamese,9m 16d,Seal/,N,N,Seized/Signed Over,F,Hold - Behavior,Cat Isolation 235,43,941010003626820,Cat,Mix,8/7/2024 12:00:00 AM,Point/,,Y,5/7/2025 4:36 PM,15.70,med cleared,Cage 8,5.00 pound,No,,0,No,,,,,353
  Cat Isolation 235,Avg. LOS: 16,5,A0058459452,CHATEAU ST. MICHELLE,Cat,Domestic Longhair,3y 15d,Blue/,N,N,Seized/Signed Over,F,Hold - Behavior,Cat Isolation 235,47,941010003748337,Cat,,5/8/2022 12:00:00 AM,,,Y,5/8/2025 12:59 PM,14.80,med clear for adoption,Cage 9,5.50 pound,No,,0,No,,,,,353
  Cat Recovery,Avg. LOS: 8,1,A0058482317,Pluto,Cat,Domestic Shorthair,2m 10d,Black/,N,N,Owner/Guardian Surrender/Evaluation/Poss Adopt - OTC!,F,Hold - Adopted!,Cat Recovery,,941010002711537,Cat,Mix,3/13/2025 12:00:00 AM,,,Y,5/15/2025 11:28 AM,7.90,Medically cleared,10,1.75 pound,No,,3,No,,,,,353
  Cat Treatment,Avg. LOS: 8,11,A0058476629,KITTY,Cat,Domestic Longhair,15y 12d,Brown/White,N,N,Seized/Abandoned,F,Hold - For RTO,Cat Treatment,,,Cat,,5/11/2010 12:00:00 AM,Tabby/,,Y,5/10/2025 4:34 PM,12.70,DO NOT PTS - SEE MEMO,01,,No,,0,No,,,,,353
  Cat Treatment,Avg. LOS: 8,11,A0058517116,LARRY,Cat,Domestic Shorthair,1m 11d,Brown/,N,N,Stray/No Hold,M,Hold - Doc,Cat Treatment,,941010003723911,Cat,Mix,4/12/2025 12:00:00 AM,Tabby/,,N,5/16/2025 2:57 PM,6.80,TECH RECHECK 5/21,02,1.20 pound,No,,0,No,,,,,353
  Cat Treatment,Avg. LOS: 8,11,A0058517121,CURLY,Cat,Domestic Shorthair,1m 11d,Brown/,N,N,Stray/No Hold,M,Hold - Doc,Cat Treatment,,941010003773012,Cat,Mix,4/12/2025 12:00:00 AM,Tabby/,,N,5/16/2025 2:57 PM,6.80,TECH RECHECK 5/21,02,1.00 pound,No,,0,No,,,,,353
  Cat Treatment,Avg. LOS: 8,11,A0058517133,MOE,Cat,Domestic Shorthair,1m 11d,Brown/,N,N,Stray/No Hold,M,Hold - Doc,Cat Treatment,,941010003675168,Cat,Mix,4/12/2025 12:00:00 AM,Tabby/,,N,5/16/2025 2:57 PM,6.80,TECH RECHECK 5/21,02,1.30 pound,No,,0,No,,,,,353
  Cat Treatment,Avg. LOS: 8,11,A0058510291,PENNY,Cat,Domestic Shorthair,1m 5d,Grey/White,N,N,Stray/OTC,F,Hold - Doc,Cat Treatment,,941010003727316,Cat,Mix,4/18/2025 12:00:00 AM,,,N,5/16/2025 8:00 AM,7.00,RECHECK EYES,04,1.50 pound,No,,0,No,,,,,353
  Cat Treatment,Avg. LOS: 8,11,A0058490582,,Cat,Domestic Longhair,2m 19d,Tan/,N,N,Seized/Signed Over,M,Hold - Behavior,Cat Treatment,,941010003748711,Cat,,3/4/2025 12:00:00 AM,Tabby/,,Y,5/13/2025 12:20 PM,9.80,Medically cleared,06,2.00 pound,No,,0,No,,,,,353
  Cat Treatment,Avg. LOS: 8,11,A0058490588,,Cat,Domestic Longhair,2m 19d,Tan/,N,N,Seized/Signed Over,M,Hold - Behavior,Cat Treatment,,941010003699848,Cat,,3/4/2025 12:00:00 AM,Tabby/,,Y,5/13/2025 12:20 PM,9.80,Medically cleared,06,2.75 pound,No,,0,No,,,,,353
  Cat Treatment,Avg. LOS: 8,11,A0058490594,,Cat,Domestic Longhair,2m 19d,Tan/,N,N,Seized/Signed Over,M,Hold - Foster,Cat Treatment,,941010002699324,Cat,,3/4/2025 12:00:00 AM,Tabby/,,N,5/13/2025 12:20 PM,9.80,,06,1.25 pound,No,,0,No,,,,,353
  Cat Treatment,Avg. LOS: 8,11,A0058490600,,Cat,Domestic Longhair,2m 19d,Tan/,N,N,Seized/Signed Over,F,Hold - Foster,Cat Treatment,,941010003768344,Cat,,3/4/2025 12:00:00 AM,Tabby/,,N,5/13/2025 12:20 PM,9.80,,06,1.50 pound,No,,0,No,,,,,353
  Cat Treatment,Avg. LOS: 8,11,A0058542270,KIKI,Cat,Domestic Shorthair,1m 15d,Black/,N,N,Stray/OTC,F,Hold - Foster,Cat Treatment,,,Cat,Mix,4/8/2025 12:00:00 AM,,,N,5/20/2025 4:38 PM,2.70,Needs foster,D,1.50 pound,No,,0,No,,,,,353
  Cat Treatment,Avg. LOS: 8,11,A0058545206,,Cat,Domestic Shorthair,1m 21d,Bronze/,N,N,Stray/Field,M,Hold - Doc,Cat Treatment,,,Cat,Mix,4/2/2025 12:00:00 AM,Tabby/,,N,5/21/2025 2:58 PM,1.80,,E,1.13 pound,No,,0,No,,,,,353
  Dog Adoptions A,Avg. LOS: 21,12,A0058532119,Jeanette,Dog,Norwegian Elkhound,1m 29d,Black/Silver,N,N,Transfer In/Furever Friends,F,Hold - Surgery,Dog Adoptions A,,,Dog,Mix,3/24/2025 12:00:00 AM,,,N,5/21/2025 2:49 PM,1.80,needs spay,01,6.00 pound,No,,0,No,,,,,353
  Dog Adoptions A,Avg. LOS: 21,12,A0058532121,Brittany,Dog,Norwegian Elkhound,1m 29d,Black/Silver,N,N,Transfer In/Furever Friends,F,Hold - Surgery,Dog Adoptions A,,956000018258894,Dog,Mix,3/24/2025 12:00:00 AM,,,N,5/21/2025 2:49 PM,1.80,needs spay,01,6.00 pound,No,,0,No,,,,,353
  Dog Adoptions A,Avg. LOS: 21,12,A0058532111,Simon,Dog,Norwegian Elkhound,1m 29d,Black/Silver,N,N,Transfer In/Furever Friends,M,Hold - Surgery,Dog Adoptions A,,956000018260504,Dog,Mix,3/24/2025 12:00:00 AM,,,N,5/21/2025 2:49 PM,1.80,needs neuter,02,5.25 pound,No,,0,No,,,,,353
  Dog Adoptions A,Avg. LOS: 21,12,A0058532117,Theodore,Dog,Norwegian Elkhound,1m 29d,Black/Silver,N,N,Transfer In/Furever Friends,M,Hold - Surgery,Dog Adoptions A,,956000018287707,Dog,Mix,3/24/2025 12:00:00 AM,,,N,5/21/2025 2:49 PM,1.80,needs neuter,02,5.50 pound,No,,0,No,,,,,353
  Dog Adoptions A,Avg. LOS: 21,12,A0058532118,Alvin,Dog,Norwegian Elkhound,1m 29d,Black/Silver,N,N,Transfer In/Furever Friends,M,Hold - Surgery,Dog Adoptions A,,956000018630839,Dog,Mix,3/24/2025 12:00:00 AM,,,N,5/21/2025 2:49 PM,1.80,needs neuter,02,6.50 pound,No,,0,No,,,,,353
  Dog Adoptions A,Avg. LOS: 21,12,A0058532153,Paulie,Dog,"Poodle, Miniature",6y 4d,Black/,N,N,Transfer In/Furever Friends,M,Hold - Surgery,Dog Adoptions A,,956000011882637,Dog,Mix,5/19/2019 12:00:00 AM,,,N,5/21/2025 2:49 PM,1.80,needs neuter,03,21.25 pound,No,,0,No,,,,,353
  Dog Adoptions A,Avg. LOS: 21,12,A0058305389,ZORRO,Dog,"Mixed Breed, Small (under 24 lbs fully grown)",3y 1m 7d,White/,N,N,Seized/Signed Over,M,Hold - Behavior Mod.,Dog Adoptions A,6/ZITA,941010002893544,Dog,Mix,4/16/2022 12:00:00 AM,,,Y,4/14/2025 4:43 PM,38.70,,04,11.50 pound,No,,0,No,,,,,353
  Dog Adoptions A,Avg. LOS: 21,12,A0058305427,HERKIMER,Dog,"Mixed Breed, Small (under 24 lbs fully grown)",2y 1m 7d,Grey/White,N,N,Seized/Signed Over,M,Hold - Behavior Mod.,Dog Adoptions A,5,941010002880478,Dog,Mix,4/16/2023 12:00:00 AM,,,Y,4/14/2025 4:43 PM,38.70,,04,10.50 pound,No,,0,No,,,,,353
  Dog Adoptions A,Avg. LOS: 21,12,A0058305260,TOBY,Dog,"Mixed Breed, Small (under 24 lbs fully grown)",2y 7m 7d,White/Black,N,N,Seized/Signed Over,M,Hold - Behavior Mod.,Dog Adoptions A,1,941010002906031,Dog,Mix,10/16/2022 12:00:00 AM,,,Y,4/14/2025 4:43 PM,38.70,,04,11.50 pound,No,,0,No,,,,,353
  Dog Adoptions A,Avg. LOS: 21,12,A0058305354,CHAPPY,Dog,"Mixed Breed, Small (under 24 lbs fully grown)",1y 1m 9d,Brindle/White,N,N,Seized/Signed Over,M,Hold - Behavior Mod.,Dog Adoptions A,6,941010002989882,Dog,Mix,4/14/2024 12:00:00 AM,,,Y,4/14/2025 4:43 PM,38.70,,04,12.50 pound,No,,0,No,,,,,353
  Dog Adoptions A,Avg. LOS: 21,12,A0052249653,SPECK,Dog,"Mixed Breed, Medium (up to 44 lbs fully grown)",2y 6m 3d,Black/White,N,Y,Return/Owned More than 30 Days - OTC!,M,Available - Behind the Scenes,Dog Adoptions A,,982091072594129,Dog,Mix,11/20/2022 12:00:00 AM,,,Y,4/16/2025 1:07 PM,36.80,bmc,05,47.20 pound,No,,3,No,,,,,353
  Dog Adoptions A,Avg. LOS: 21,12,A0058237599,Perry,Dog,"Mixed Breed, Medium (up to 44 lbs fully grown)",1y 7m 19d,White/Black,N,N,Transfer In/ACO or DCO in County,F,Available - Behind the Scenes,Dog Adoptions A,,941010003049832,Dog,Mix,10/4/2023 12:00:00 AM,,,Y,4/3/2025 9:56 AM,50.00,bmc - dog reactive,07,45.00 pound,No,,0,No,,,,,353
  Dog Adoptions B,Avg. LOS: 26,5,A0058421981,HONEY BUN,Dog,Mastiff,3m 21d,Tan/Black,N,N,Seized/Abandoned,F,Available - ITFF Behavior,Dog Adoptions B,,941010003633865,Dog,Mix,2/2/2025 12:00:00 AM,,,Y,5/2/2025 12:37 PM,20.80,,04,30.25 pound,No,,0,No,,,,,353
  Dog Adoptions B,Avg. LOS: 26,5,A0058530760,MILO,Dog,"Mixed Breed, Medium (up to 44 lbs fully grown)",1y 3d,Brown/White,N,N,Transfer In/ACO or DCO in County,M,Available,Dog Adoptions B,,941010003724483,Dog,Mix,5/20/2024 12:00:00 AM,Brindle/,,Y,5/20/2025 10:11 AM,2.90,,05,38.00 pound,No,,3,No,,,,,353
  Dog Adoptions B,Avg. LOS: 26,5,A0058398524,COFFEE,Dog,"Mixed Breed, Large (over 44 lbs fully grown)",4y 24d,Black/,N,N,Transfer In/ACO or DCO in County,F,Available,Dog Adoptions B,TOFFEE,941010002710180,Dog,Mix,4/29/2021 12:00:00 AM,,,Y,4/29/2025 2:27 PM,23.80,,08,65.00 pound,No,,3,Yes,,,,,353
  Dog Adoptions B,Avg. LOS: 26,5,A0058288539,Ghostie,Dog,"Mixed Breed, Large (over 44 lbs fully grown)",4y 1m 12d,Black/White,,N,Owner/Guardian Surrender/Evaluation/Poss Adopt - OTC!,M,Available,Dog Adoptions B,,981020041543567,Dog,Mix,4/11/2021 12:00:00 AM,,,Y,4/11/2025 11:26 AM,41.90,,09,50.00 pound,No,,3,Yes,,,,,353
  Dog Adoptions B,Avg. LOS: 26,5,A0058288543,Pumpkin,Dog,"Mixed Breed, Large (over 44 lbs fully grown)",4y 1m 12d,Red/,,N,Owner/Guardian Surrender/Evaluation/Poss Adopt - OTC!,M,Available,Dog Adoptions B,,981020039878921,Dog,Mix,4/11/2021 12:00:00 AM,,,Y,4/11/2025 11:26 AM,41.90,,09,70.00 pound,No,,3,Yes,,,,,353
  Dog Adoptions C,Avg. LOS: 33,5,A0058434376,DRAKE,Dog,"Mixed Breed, Large (over 44 lbs fully grown)",4y 18d,Brown/White,N,N,Owner/Guardian Surrender/Evaluation/Poss Adopt - FIELD!,M,Available,Dog Adoptions C,,991003911255342,Dog,Mix,5/5/2021 12:00:00 AM,Brindle/,,Y,5/9/2025 8:22 AM,14.00,BMC,05,61.00 pound,No,,3,No,,,,,353
  Dog Adoptions C,Avg. LOS: 33,5,A0058501223,Jelly Bean,Dog,"Mixed Breed, Large (over 44 lbs fully grown)",4y 1m 15d,Fawn/Tan/White,N,N,Transfer In/Buffalo City Animal Shelter,F,Available,Dog Adoptions C,,941010003769516,Dog,Mix,4/8/2021 12:00:00 AM,Tricolor/,,Y,5/14/2025 2:37 PM,8.80,bmc,06,46.00 pound,No,,3,No,,,,,353
  Dog Adoptions C,Avg. LOS: 33,5,A0058067302,LUNA,Dog,"Mixed Breed, Large (over 44 lbs fully grown)",10y 1m 26d,White/Brown,N,N,Transfer In/ACO or DCO in County,F,Available,Dog Adoptions C,,981020015436168,Dog,Mix,3/27/2015 12:00:00 AM,,,Y,3/27/2025 10:15 AM,56.90,,07,66.80 pound,No,,3,Yes,,,,,353
  Dog Adoptions C,Avg. LOS: 33,5,A0058492418,KOHO,Dog,"Mixed Breed, Large (over 44 lbs fully grown)",7y 4m 25d,Black/,N,Y,Owner/Guardian Surrender/Guardian Surrender - OTC!,M,Available,Dog Adoptions C,,981020021703137,Dog,Mix,12/28/2017 12:00:00 AM,,,Y,5/16/2025 1:09 PM,6.80,ok med on beh meds for anxiety,08,112.00 pound,No,,2,No,,,,,353
  Dog Adoptions C,Avg. LOS: 33,5,A0055431731,PANDA,Dog,"Bulldog, American",6y 2m 26d,Black/White,N,Y,Seized/Abandoned,M,Available,Dog Adoptions C,Pumba,941010002000762,Dog,Mix,2/27/2019 12:00:00 AM,,,Y,3/3/2025 4:08 PM,80.70,,09,82.00 pound,No,,3,No,,,,,353
  Dog Adoptions D,Avg. LOS: 37,8,A0058501206,JULIAN,Dog,"Terrier, Boston",4y 8d,Black/White,N,N,Transfer In/Buffalo City Animal Shelter,M,Available,Dog Adoptions D,,941010003649246,Dog,"Terrier, Pit Bull",5/15/2021 12:00:00 AM,,,Y,5/14/2025 2:37 PM,8.80,bmc,02,32.00 pound,No,,3,No,,,,,353
  Dog Adoptions D,Avg. LOS: 37,8,A0058369992,ASH,Dog,Siberian Husky,2y 6m 29d,Black/White,N,N,Owner/Guardian Surrender/Evaluation/Poss Adopt - OTC!,M,Available,Dog Adoptions D,,956000013651692,Dog,Mix,10/24/2022 12:00:00 AM,,,Y,4/24/2025 3:22 PM,28.70,bmc,05,48.00 pound,No,,3,No,,,,,353
  Dog Adoptions D,Avg. LOS: 37,8,A0058370024,AVA,Dog,Alaskan Husky,2y 6m 29d,Silver/White,N,N,Owner/Guardian Surrender/Evaluation/Poss Adopt - OTC!,F,Available,Dog Adoptions D,,941000027919997,Dog,Mix,10/24/2022 12:00:00 AM,,,Y,4/24/2025 3:22 PM,28.70,,05,44.50 pound,No,,3,No,,,,,353
  Dog Adoptions D,Avg. LOS: 37,8,A0058501226,Cairo,Dog,"Mixed Breed, Large (over 44 lbs fully grown)",1y 16d,Brindle/White,N,N,Transfer In/Buffalo City Animal Shelter,F,Available,Dog Adoptions D,,941010003856644,Dog,Mix,5/7/2024 12:00:00 AM,,,Y,5/14/2025 2:37 PM,8.80,bmc,06,49.00 pound,No,,3,No,,,,,353
  Dog Adoptions D,Avg. LOS: 37,8,A0058501234,CHERRY CHEESECAKE,Dog,"Mixed Breed, Large (over 44 lbs fully grown)",4y 1m 27d,White/Brown,N,N,Transfer In/Buffalo City Animal Shelter,F,Available,Dog Adoptions D,CHERRY,941010003736077,Dog,Mix,3/26/2021 12:00:00 AM,,,Y,5/14/2025 2:37 PM,8.80,,07,45.00 pound,No,,3,No,,,,,353
  Dog Adoptions D,Avg. LOS: 37,8,A0058501196,MOCHA,Dog,"Terrier, Pit Bull",6y 3d,Brown/White,N,N,Transfer In/Buffalo City Animal Shelter,F,Hold - Surgery,Dog Adoptions D,,941010003739677,Dog,Mix,5/20/2019 12:00:00 AM,,,N,5/14/2025 2:37 PM,8.80,,08,51.40 pound,No,,1,No,,,,,353
  Dog Adoptions D,Avg. LOS: 37,8,A0058501181,BIG MAC,Dog,"Mixed Breed, Large (over 44 lbs fully grown)",4y 17d,White/Grey,N,N,Transfer In/Buffalo City Animal Shelter,M,Available,Dog Adoptions D,,941010003742836,Dog,Mix,5/6/2021 12:00:00 AM,,,Y,5/14/2025 2:37 PM,8.80,bmc,09,85.00 pound,No,,2,No,,,,,353
  Dog Adoptions D,Avg. LOS: 37,8,A0057230680,Wishbone,Dog,"Mixed Breed, Large (over 44 lbs fully grown)",8y 6m 10d,Black/White,N,N,Transfer In/ACO or DCO in County,M,Available - ITFF Medical,Dog Adoptions D,,981020039893290,Dog,Mix,11/13/2016 12:00:00 AM,,,Y,11/13/2024 11:00 AM,190.90,bmod/itff med- needs dental,10,59.20 pound,No,,3,Yes,,,,,353
  Dog Holding E,Avg. LOS: 29,9,A0058545813,Gizmo,Dog,Shih Tzu,3y 2d,White/Brown,N,N,Seized/Signed Over,M,Hold - Behavior,Dog Holding E,,941010003624878,Dog,Mix,5/21/2022 12:00:00 AM,,,Y,5/21/2025 11:14 AM,1.90,Medically cleared,04,9.00 pound,No,,0,No,,,,,353
  Dog Holding E,Avg. LOS: 29,9,A0058545828,Luna,Dog,Shih Tzu,6y 2d,White/Black,N,N,Seized/Signed Over,F,Hold - Behavior,Dog Holding E,,941010003058914,Dog,Mix,5/21/2019 12:00:00 AM,,,Y,5/21/2025 11:14 AM,1.90,Medically cleared,04,9.00 pound,No,,0,No,,,,,353
  Dog Holding E,Avg. LOS: 29,9,A0058530381,Momo,Dog,"Mixed Breed, Large (over 44 lbs fully grown)",7y 4d,Brindle/White,N,Y,Transfer In/Rescue Group out of Coalition,M,Evaluate,Dog Holding E,,,Dog,Mix,5/19/2018 12:00:00 AM,,,Y,5/21/2025 12:12 PM,1.80,,06,,No,,0,No,,,,,353
  Dog Holding E,Avg. LOS: 29,9,A0058070414,SCARLET,Dog,"Mixed Breed, Medium (up to 44 lbs fully grown)",5y 1m 29d,Brown/White,N,Y,Return/Owned 30 Days or Less - OTC!,F,Hold - Doc,Dog Holding E,,941010001604601,Dog,Mix,3/24/2020 12:00:00 AM,,,Y,5/21/2025 11:56 AM,1.90,doc to check skin,08,42.60 pound,No,,2,No,,,,,353
  Dog Holding E,Avg. LOS: 29,9,A0057232034,ELLA,Dog,"Mixed Breed, Large (over 44 lbs fully grown)",N/A,White/Grey,N,N,Seized/Eviction,F,PTS,Dog Holding E,,,Dog,Mix,,Merle/,,N,5/5/2025 3:53 PM,17.70,behavior,10,,No,,0,No,,,,,353
  Dog Holding E,Avg. LOS: 29,9,A0058067142,KAI,Dog,"Mixed Breed, Medium (up to 44 lbs fully grown)",2m 1d,White/Chocolate,N,N,Transfer In/Vet clinic,F,Hold - Surgery,Dog Holding E,,941010003841263,Dog,Mix,3/22/2025 12:00:00 AM,,,N,3/24/2025 9:38 AM,60.00,,12,11.10 pound,No,,0,No,,,,,353
  Dog Holding E,Avg. LOS: 29,9,A0058067155,LUCKY,Dog,"Mixed Breed, Medium (up to 44 lbs fully grown)",2m 1d,Fawn/White,N,N,Transfer In/Vet clinic,F,Hold - Surgery,Dog Holding E,,941010003815260,Dog,Mix,3/22/2025 12:00:00 AM,,,N,3/24/2025 9:44 AM,60.00,,12,10.60 pound,No,,0,No,,,,,353
  Dog Holding E,Avg. LOS: 29,9,A0058067166,STRAWBERRY,Dog,"Mixed Breed, Medium (up to 44 lbs fully grown)",2m 1d,Brown/White,N,N,Transfer In/Vet clinic,F,Hold - Surgery,Dog Holding E,,941010002987958,Dog,Mix,3/22/2025 12:00:00 AM,,,N,3/24/2025 9:44 AM,60.00,,12,11.70 pound,No,,0,No,,,,,353
  Dog Holding E,Avg. LOS: 29,9,A0058067173,LUCY,Dog,"Mixed Breed, Medium (up to 44 lbs fully grown)",2m 1d,Fawn/White,N,N,Transfer In/Vet clinic,F,Hold - Surgery,Dog Holding E,,941010003778620,Dog,Mix,3/22/2025 12:00:00 AM,,,N,3/24/2025 9:44 AM,60.00,returned from FC,12,11.90 pound,No,,0,No,,,,,353
  Dog Holding F,Avg. LOS: 14,9,A0058530395,Talulah,Dog,"Bulldog, French",4y 2d,White/Brown,N,Y,Transfer In/Rescue Group out of Coalition,F,Hold - Meet and Greet,Dog Holding F,,941010002806822,Dog,Mix,5/21/2021 12:00:00 AM,,,Y,5/21/2025 12:12 PM,1.80,,01,24.00 pound,No,,0,No,,,,,353
  Dog Holding F,Avg. LOS: 14,9,A0058539862,Everything Bagel,Dog,Beagle,9y 3d,Black/Tan/White,N,N,Stray/OTC,F,Hold - Surgery,Dog Holding F,,,Dog,Mix,5/20/2016 12:00:00 AM,,,N,5/20/2025 2:24 PM,2.80,,04,21.80 pound,No,,0,No,,,,,353
  Dog Holding F,Avg. LOS: 14,9,A0058556236,KEN,Dog,Cane Corso,5m 1d,Brown/Black,N,Y,Seized/Signed Over,M,Hold - Surgery,Dog Holding F,Kane,,Dog,Mix,12/22/2024 12:00:00 AM,Brindle/,,Y,5/22/2025 2:05 PM,0.80,needs neuter,05,45.50 pound,No,,1,No,,,,,353
  Dog Holding F,Avg. LOS: 14,9,A0058444359,TINY,Dog,"Mixed Breed, Small (under 24 lbs fully grown)",12y 17d,Black/,N,N,Seized/Signed Over,M,Hold - Surgery,Dog Holding F,26,,Dog,Mix,5/6/2013 12:00:00 AM,,,N,5/6/2025 1:22 PM,16.80,,08,18.20 pound,No,,0,No,,,,,353
  Dog Holding F,Avg. LOS: 14,9,A0058444378,OLIVIA,Dog,Pug,12y 2d,Brown/,N,Y,Seized/Signed Over,F,Hold - Doc,Dog Holding F,27,073364551,Dog,Beagle,5/21/2013 12:00:00 AM,,,Y,5/6/2025 1:22 PM,16.80,doc recheck 5/23,08,27.70 pound,No,,0,No,,,,,353
  Dog Holding F,Avg. LOS: 14,9,A0058419207,Gunther,Dog,"Mixed Breed, Small (under 24 lbs fully grown)",5y 21d,Grey/White,N,N,Seized/Cruelty,M,Hold - Cruelty Foster,Dog Holding F,,,Dog,Mix,5/2/2020 12:00:00 AM,,,N,5/1/2025 7:05 PM,21.50,,10,13.20 pound,No,,0,No,,,,,353
  Dog Holding F,Avg. LOS: 14,9,A0058419259,Taffy,Dog,"Mixed Breed, Small (under 24 lbs fully grown)",5y 21d,White/,N,N,Seized/Cruelty,M,Hold - Cruelty Foster,Dog Holding F,,,Dog,Mix,5/2/2020 12:00:00 AM,,,N,5/1/2025 7:05 PM,21.50,,10,9.75 pound,No,,0,No,,,,,353
  Dog Holding F,Avg. LOS: 14,9,A0058419271,Tito,Dog,"Mixed Breed, Small (under 24 lbs fully grown)",5y 21d,White/,N,N,Seized/Cruelty,M,Hold - Cruelty Foster,Dog Holding F,,,Dog,Mix,5/2/2020 12:00:00 AM,,,N,5/1/2025 7:05 PM,21.50,,10,8.30 pound,No,,0,No,,,,,353
  Dog Holding F,Avg. LOS: 14,9,A0058419299,Bingo,Dog,"Mixed Breed, Small (under 24 lbs fully grown)",5y 21d,Tan/White,N,N,Seized/Cruelty,M,Hold - Cruelty Foster,Dog Holding F,,,Dog,Mix,5/2/2020 12:00:00 AM,,,N,5/1/2025 7:05 PM,21.50,,10,6.30 pound,No,,0,No,,,,,353
  Farm,Avg. LOS: 1660,12,A0057300395,"Emerson ""Emmy""",Bird,Chicken,1y 5m 27d,White/Cream,,U,Stray/OTC,F,Permanent Resident,Farm,,,Farm Type Fowl,,11/26/2023 12:00:00 AM,,,U,11/19/2024 8:45 AM,185.00,,Farm,,No,,1,No,,,,,353
  Farm,Avg. LOS: 1660,12,A0036675257,Brooster,Bird,Chicken,8y 1m 22d,Rust/Black/Red,N,N,Stray/Field,M,Permanent Resident,Farm,,,Farm Type Fowl,,4/1/2017 12:00:00 AM,,,N,9/28/2017 11:11 AM,2793.90,,Stall #1,,No,,3,No,,,,,353
  Farm,Avg. LOS: 1660,12,A0038590512,Lady Marmalade,Bird,Chicken,7y 1m 3d,Apricot/White,N,N,Stray/OTC,F,Permanent Resident,Farm,,,Farm Type Fowl,,4/20/2018 12:00:00 AM,,,N,5/17/2018 3:28 PM,2562.70,,Stall #1,,No,,2,No,,,,,353
  Farm,Avg. LOS: 1660,12,A0041015190,Frenchy,Bird,Chicken,N/A,Black/White,N,N,Owner/Guardian Surrender/Evaluation/Poss Adopt - OTC!,F,Permanent Resident,Farm,,,Farm Type Fowl,,,,,N,3/7/2019 11:08 AM,2268.90,,Stall #1,,No,,2,No,,,,,353
  Farm,Avg. LOS: 1660,12,A0054810701,Itty Bitty Betty,Bird,Chicken,N/A,Black/,N,N,Stray/OTC,F,Permanent Resident,Farm,,,Farm Type Fowl,,,,,N,11/18/2023 12:17 PM,551.80,,Stall #1,,No,,2,No,,,,,353
  Farm,Avg. LOS: 1660,12,A0054953947,Iris,Bird,Chicken,N/A,Lavender/,N,N,Seized/Cruelty,F,Permanent Resident,Farm,Garage 138,,Farm Type Fowl,,,,,N,12/14/2023 5:59 PM,525.60,Clear for dispo- Signed Over 8,Stall #1,,No,,1,No,,,,,353
  Farm,Avg. LOS: 1660,12,A0054953161,Bonnie,Livestock,Nubian,N/A,Brown/White,N,N,Owner/Guardian Surrender/Court Ordered Sign Over,F,Permanent Resident,Farm,Garage 18,,Goat,Boer,,,,N,2/2/2024 3:54 PM,475.70,S/O Cleared For Dispo,Stall #2,,No,,1,No,,,,,353
  Farm,Avg. LOS: 1660,12,A0054953163,Clara,Livestock,Boer,1y 8m 8d,White/Black,N,N,Owner/Guardian Surrender/Court Ordered Sign Over,F,Permanent Resident,Farm,Garage 19,,Goat,Nubian,9/15/2023 12:00:00 AM,,,N,2/2/2024 3:54 PM,475.70,,Stall #2,,No,,1,No,,,,,353
  Farm,Avg. LOS: 1660,12,A0058332064,Quailejandro,Bird,"Quail, Japanese",N/A,Brown/White/Black,,N,Stray/OTC,M,Hold - Possible Adoption,Farm,,,Domestic (Cage) Bird,,,,,N,4/17/2025 12:45 PM,35.80,,Stall #2,,No,,3,No,,,,,353
  Farm,Avg. LOS: 1660,12,A0058349243,Zag,Bird,Chicken,1y 1m 1d,Red/,,N,Transfer In/SPCA - Other Counties,M,Available,Farm,,,Farm Type Fowl,,4/22/2024 12:00:00 AM,,,N,4/22/2025 9:48 AM,31.00,,Stall #2,,No,,3,No,,,,,353
  Farm,Avg. LOS: 1660,12,A0058549222,,Bird,Chicken,N/A,Grey/Black/Brown,,N,Stray/Animal Control,F,Hold - Stray,Farm,,,Farm Type Fowl,Chicken,,,,N,5/21/2025 2:55 PM,1.80,,Stall #3,,No,,2,No,,,,,353
  Farm,Avg. LOS: 1660,12,A0000782604,Xylord,Equine,Miniature Horse,31y 11m 22d,Black/White,N,Y,Seized/Cruelty,M,Permanent Resident,Farm,,,Mini Horse,,6/1/1993 12:00:00 AM,,,Y,12/22/1997 12:09 AM,10014.30,,Stall #5,,No,,3,No,,,,,353
  Feature Room 1,Avg. LOS: 45,1,A0054196266,WENDELL,Cat,Domestic Shorthair,1y 9m 1d,Brown/,N,Y,Return/Owned More than 30 Days - OTC!,M,Available,Feature Room 1,,941010001462745,Cat,,8/22/2023 12:00:00 AM,Tabby/,,Y,4/8/2025 10:06 AM,44.90,,Feature Room 1,15.00 pound,No,,3,No,,,,,353
  Feature Room 2,Avg. LOS: 52,1,A0058227600,PISHU,Cat,Domestic Shorthair,1y 1m 22d,Black/,N,N,Seized/Abandoned,M,Hold - Behavior Mod.,Feature Room 2,PISHU,941010002847024,Cat,,4/1/2024 12:00:00 AM,,,Y,4/1/2025 3:53 PM,51.70,,Feature Room 2,9.50 pound,No,,3,No,,,,,353
  Foster Care Room,Avg. LOS: 12,12,A0058368616,Oscar,Cat,Domestic Shorthair,1y 6m 28d,Grey/White,N,N,Transfer In/Buffalo City Animal Shelter,M,Hold - Doc,Foster Care Room,,941010002971005,Cat,,10/25/2023 12:00:00 AM,,,Y,4/24/2025 1:50 PM,28.80,WAITING ON ECHO,01,9.50 pound,No,,2,No,,,,,353
  Foster Care Room,Avg. LOS: 12,12,A0058395434,,Cat,Domestic Longhair,2m 5d,Black/White,N,N,Stray/No Hold,F,Hold - Behavior,Foster Care Room,,941010003708038,Cat,,3/18/2025 12:00:00 AM,,,Y,4/29/2025 11:09 AM,23.90,Medically cleared,02,2.00 pound,No,,0,No,,,,,353
  Foster Care Room,Avg. LOS: 12,12,A0058395438,,Cat,Domestic Shorthair,2m 5d,Black/White,N,N,Stray/No Hold,M,Hold - Behavior,Foster Care Room,,941010003686550,Cat,,3/18/2025 12:00:00 AM,,,Y,4/29/2025 11:09 AM,23.90,Medically cleared,02,2.75 pound,No,,0,No,,,,,353
  Foster Care Room,Avg. LOS: 12,12,A0058541725,Baby 3,Cat,Domestic Shorthair,3m 1d,Brown/,N,N,Owner/Guardian Surrender/Evaluation/Poss Adopt - FIELD!,M,Hold - Surgery,Foster Care Room,,941010002708096,Cat,Mix,2/22/2025 12:00:00 AM,Tabby/,,N,5/22/2025 9:45 AM,1.00,needs neuter,03,3.25 pound,No,,0,No,,,,,353
  Foster Care Room,Avg. LOS: 12,12,A0058541732,Baby 4,Cat,Domestic Medium Hair,3m 1d,Brown/,N,N,Owner/Guardian Surrender/Evaluation/Poss Adopt - FIELD!,F,Hold - Surgery,Foster Care Room,,941010002688653,Cat,Mix,2/22/2025 12:00:00 AM,Tabby/,,N,5/22/2025 9:45 AM,1.00,needs spay,03,2.75 pound,No,,0,No,,,,,353
  Foster Care Room,Avg. LOS: 12,12,A0058541736,Baby 5,Cat,Domestic Shorthair,3m 1d,Black/,N,N,Owner/Guardian Surrender/Evaluation/Poss Adopt - FIELD!,M,Hold - Surgery,Foster Care Room,,941010002712895,Cat,Mix,2/22/2025 12:00:00 AM,,,N,5/22/2025 9:45 AM,1.00,needs neuter,03,3.00 pound,No,,0,No,,,,,353
  Foster Care Room,Avg. LOS: 12,12,A0058552575,Muffler,Cat,Domestic Shorthair,1m 20d,Brown/,N,N,Stray/No Hold,F,Hold - Foster,Foster Care Room,,941010003667602,Cat,Mix,4/3/2025 12:00:00 AM,Tabby/,,N,5/22/2025 8:29 AM,1.00,,04,1.90 pound,No,,3,No,,,,,353
  Foster Care Room,Avg. LOS: 12,12,A0058552576,Carburetor,Cat,Domestic Shorthair,1m 20d,Brown/,N,N,Stray/No Hold,F,Hold - Foster,Foster Care Room,,941010003760420,Cat,Mix,4/3/2025 12:00:00 AM,Tabby/,,N,5/22/2025 8:29 AM,1.00,,04,1.80 pound,No,,3,No,,,,,353
  Foster Care Room,Avg. LOS: 12,12,A0058552578,Catalytic Converter,Cat,Domestic Shorthair,1m 20d,Brown/,N,N,Stray/No Hold,M,Hold - Foster,Foster Care Room,,941010003761112,Cat,Mix,4/3/2025 12:00:00 AM,Tabby/,,N,5/22/2025 8:29 AM,1.00,,04,1.90 pound,No,,3,No,,,,,353
  Foster Care Room,Avg. LOS: 12,12,A0057925509,KORRA,Cat,Domestic Shorthair,1y 8m 25d,Grey/,N,Y,Return/Owned 30 Days or Less - OTC!,F,Hold - Doc,Foster Care Room,OAKEN,941010003807403,Cat,,8/29/2023 12:00:00 AM,Tabby/,,Y,3/25/2025 12:13 PM,58.80,review BW,05,6.75 pound,No,,0,No,,,,,353
  Foster Care Room,Avg. LOS: 12,12,A0058544509,,Cat,Domestic Shorthair,2m 1d,Black/White,N,N,Stray/No Hold,F,Hold - Surgery,Foster Care Room,,941010003746967,Cat,Mix,3/22/2025 12:00:00 AM,,,N,5/22/2025 10:32 AM,0.90,need spay,07,2.25 pound,No,,1,No,,,,,353
  Foster Care Room,Avg. LOS: 12,12,A0058553460,,Cat,Domestic Shorthair,2m 10d,Brown/,N,N,Owner/Guardian Surrender/Evaluation/Poss Adopt - OTC!,F,Hold - Surgery,Foster Care Room,,941010002684175,Cat,Mix,3/13/2025 12:00:00 AM,Tabby/,,N,5/22/2025 9:56 AM,1.00,needs spay,08,2.50 pound,No,,0,No,,,,,353
  Foster Home,Avg. LOS: 62,119,A0042479416,KIKI,Cat,Domestic Longhair,9y 9m 9d,Black/,N,Y,Seized/Signed Over,F,In Foster,Foster Home,twix,982126055849855,Cat,,8/14/2015 12:00:00 AM,,,Y,3/10/2025 10:17 AM,73.90,SEE MEDICAL MEMO,Foster Home,20.40 pound,No,,3,No,,,,,353
  Foster Home,Avg. LOS: 62,119,A0046861476,Brooklyn,Other,American,N/A,Silver/,N,N,Owner/Guardian Surrender/Evaluation/Poss Adopt - OTC!,M,Permanent Resident,Foster Home,Lunar,982091062187762,Rabbit,Mix,,,,Y,3/10/2021 1:36 PM,1534.80,medically cleared,Foster Home,8.75 pound,No,,3,Yes,,,,,353
  Foster Home,Avg. LOS: 62,119,A0046861487,Broadway,Other,American,N/A,Sable/,N,N,Owner/Guardian Surrender/Evaluation/Poss Adopt - OTC!,M,Permanent Resident,Foster Home,Morgan,982091062187875,Rabbit,Mix,,,,Y,3/10/2021 1:36 PM,1534.80,medically cleared,Foster Home,9.90 pound,No,,3,Yes,,,,,353
  Foster Home,Avg. LOS: 62,119,A0052669181,Alex Wolff,Other,CHINCHILLA,N/A,Grey/,N,N,Seized/Abandoned,M,Permanent Resident,Foster Home,,,Rodent,,,,,N,5/16/2023 3:06 PM,737.70,,Foster Home,1.30 pound,No,,0,No,,,,,353
  Foster Home,Avg. LOS: 62,119,A0052669183,Ernie,Other,CHINCHILLA,N/A,Grey/,N,N,Seized/Abandoned,M,Permanent Resident,Foster Home,Nat Wolff,,Rodent,,,,,N,5/16/2023 3:06 PM,737.70,,Foster Home,1.50 ounce,No,,0,No,,,,,353
  Foster Home,Avg. LOS: 62,119,A0057957792,Diamond,Dog,"Mixed Breed, Medium (up to 44 lbs fully grown)",1y 11d,Tan/White,N,N,Seized/Cruelty,F,In Cruelty Foster,Foster Home,,941010002869019,Dog,Mix,5/12/2024 12:00:00 AM,,,Y,3/4/2025 4:08 PM,79.70,went back into FC,Foster Home,33.00 pound,No,,0,No,,,,,353
  Foster Home,Avg. LOS: 62,119,A0058011693,BREADSTICK,Bird,"Parakeet, Quaker",N/A,Apricot/,N,N,Seized/Signed Over,U,Hold - Behavior,Foster Home,,,Domestic (Cage) Bird,,,,,N,3/13/2025 3:51 PM,70.70,,Foster Home,92.00 gram,No,,0,No,,,,,353
  Foster Home,Avg. LOS: 62,119,A0058047453,,Other,Florida White,N/A,White/,N,N,Owner/Guardian Surrender/OTC,F,In Foster,Foster Home,,,Rabbit,,,,,Y,3/21/2025 9:18 AM,63.00,IN FOSTER WITH MICHELLE,Foster Home,6.50 pound,No,,0,No,,,,,353
  Foster Home,Avg. LOS: 62,119,A0058051432,NAJI,Cat,Domestic Shorthair,2m 12d,Brown/,N,N,Stray/No Hold,F,In Foster,Foster Home,,941010003780334,Cat,Mix,3/11/2025 12:00:00 AM,Tabby/,,N,4/1/2025 9:43 AM,52.00,,Foster Home,1.80 pound,No,,0,No,,,,,353
  Foster Home,Avg. LOS: 62,119,A0058058096,,Other,RAT-DOMESTIC,2m 9d,White/,,N,Owner/Guardian Surrender/Born in Foster,U,In Foster,Foster Home,,,Rodent,RAT-DOMESTIC,3/14/2025 12:00:00 AM,,,N,3/14/2025 3:08 PM,69.70,,Foster Home,,No,,0,No,,,,,353
  Foster Home,Avg. LOS: 62,119,A0058058107,,Other,RAT-DOMESTIC,2m 9d,White/,,N,Owner/Guardian Surrender/Born in Foster,U,In Foster,Foster Home,,,Rodent,RAT-DOMESTIC,3/14/2025 12:00:00 AM,,,N,3/14/2025 3:08 PM,69.70,,Foster Home,,No,,0,No,,,,,353
  Foster Home,Avg. LOS: 62,119,A0058058111,,Other,RAT-DOMESTIC,2m 9d,White/,,N,Owner/Guardian Surrender/Born in Foster,U,In Foster,Foster Home,,,Rodent,RAT-DOMESTIC,3/14/2025 12:00:00 AM,,,N,3/14/2025 3:08 PM,69.70,,Foster Home,,No,,0,No,,,,,353
  Foster Home,Avg. LOS: 62,119,A0058067136,IRIS,Dog,"Mixed Breed, Medium (up to 44 lbs fully grown)",1y 2m 1d,Grey/White,N,Y,Transfer In/Vet clinic,F,In Foster,Foster Home,STACEY,941010002848035,Dog,Mix,3/22/2024 12:00:00 AM,,,Y,3/24/2025 9:38 AM,60.00,,Foster Home,40.00 pound,No,,0,No,,,,,353
  Foster Home,Avg. LOS: 62,119,A0058213031,Rabbit 1,Other,Rex,1m 24d,White/,N,N,Owner/Guardian Surrender/Born in Care,F,In Foster,Foster Home,,,Rabbit,Mix,3/29/2025 12:00:00 AM,,,N,3/30/2025 10:17 AM,53.90,,Foster Home,1.90 pound,No,,0,No,,,,,353
  Foster Home,Avg. LOS: 62,119,A0058213036,,Other,Rex,1m 24d,Buff/,N,N,Owner/Guardian Surrender/Born in Care,F,In Foster,Foster Home,,,Rabbit,Mix,3/29/2025 12:00:00 AM,,,N,3/30/2025 10:17 AM,53.90,,Foster Home,1.50 pound,No,,0,No,,,,,353
  Foster Home,Avg. LOS: 62,119,A0058231395,,Cat,Domestic Shorthair,2m 7d,Orange/,N,N,Stray/No Hold,M,In Foster,Foster Home,,941010002719568,Cat,Mix,3/16/2025 12:00:00 AM,Tabby/,,N,4/2/2025 11:22 AM,50.90,"med tx, has FP",Foster Home,2.10 pound,No,,0,No,,,,,353
  Foster Home,Avg. LOS: 62,119,A0058231399,Rosie,Cat,Domestic Shorthair,2m 7d,Black/Orange,N,N,Stray/No Hold,F,In Foster,Foster Home,,941010002695935,Cat,Mix,3/16/2025 12:00:00 AM,Torbie/,,N,4/2/2025 11:22 AM,50.90,"med tx, has FP",Foster Home,1.40 pound,No,,0,No,,,,,353
  Foster Home,Avg. LOS: 62,119,A0058259159,MOLLY,Cat,Domestic Shorthair,6y 1m 6d,Grey/White,N,Y,Owner/Guardian Surrender/SAFE Foster,F,In SAFE Foster,Foster Home,,941010002862172,Cat,,4/17/2019 12:00:00 AM,Tabby/,,Y,4/17/2025 9:06 AM,36.00,,Foster Home,7.00 pound,No,,0,No,,,,,353
  Foster Home,Avg. LOS: 62,119,A0058259200,MR. SHEEPERTON,Cat,Domestic Longhair,6y 1m 16d,Grey/White,N,N,Owner/Guardian Surrender/SAFE Foster,M,In SAFE Foster,Foster Home,,941010002848295,Cat,,4/7/2019 12:00:00 AM,Tabby/,,Y,4/17/2025 9:06 AM,36.00,,Foster Home,11.75 pound,No,,0,No,,,,,353
  Foster Home,Avg. LOS: 62,119,A0058260722,Leo,Dog,"Terrier, American Pit Bull",1m 18d,Brown/White,N,N,Transfer In/ACO or DCO in County,M,In Foster,Foster Home,,941010003731873,Dog,Mix,4/5/2025 12:00:00 AM,,,N,4/7/2025 1:46 PM,45.80,needs foster,Foster Home,3.40 pound,No,,0,No,,,,,353
  Foster Home,Avg. LOS: 62,119,A0058260777,,Dog,"Terrier, American Pit Bull",1m 18d,Brown/White,N,N,Transfer In/ACO or DCO in County,M,In Foster,Foster Home,,941010003673808,Dog,Mix,4/5/2025 12:00:00 AM,,,N,4/7/2025 1:46 PM,45.80,needs foster,Foster Home,4.30 pound,No,,0,No,,,,,353
  Foster Home,Avg. LOS: 62,119,A0058260784,,Dog,"Terrier, American Pit Bull",1m 18d,Black/White,N,N,Transfer In/ACO or DCO in County,M,In Foster,Foster Home,,941010003746461,Dog,Mix,4/5/2025 12:00:00 AM,,,N,4/7/2025 1:46 PM,45.80,needs foster,Foster Home,4.20 pound,No,,0,No,,,,,353
  Foster Home,Avg. LOS: 62,119,A0058260790,,Dog,"Terrier, American Pit Bull",1m 18d,Brown/White,N,N,Transfer In/ACO or DCO in County,F,In Foster,Foster Home,,941010003061736,Dog,Mix,4/5/2025 12:00:00 AM,,,N,4/7/2025 1:46 PM,45.80,needs foster,Foster Home,3.70 pound,No,,0,No,,,,,353
  Foster Home,Avg. LOS: 62,119,A0058260794,Frannie,Dog,"Terrier, American Pit Bull",1m 18d,Red/White,N,N,Transfer In/ACO or DCO in County,F,In Foster,Foster Home,,941010003764769,Dog,Mix,4/5/2025 12:00:00 AM,Brindle/,,N,4/7/2025 1:46 PM,45.80,needs foster,Foster Home,3.50 pound,No,,0,No,,,,,353
  Foster Home,Avg. LOS: 62,119,A0058284280,OKLAHOMA,Dog,"Terrier, American Pit Bull",6m 13d,White/Brown,N,N,Seized/Cruelty,M,In Foster,Foster Home,,941010002985801,Dog,Mix,11/10/2024 12:00:00 AM,Brindle/,,Y,4/10/2025 3:04 PM,42.70,,Foster Home,26.00 pound,No,,0,No,,,,,353
  Foster Home,Avg. LOS: 62,119,A0058301744,Aurora,Cat,Domestic Shorthair,1m 10d,Cream/,N,N,Stray/No Hold,F,In Foster,Foster Home,,,Cat,Mix,4/13/2025 12:00:00 AM,,,N,4/14/2025 11:41 AM,38.90,ok for foster w/ surrogate mom,Foster Home,1.00 pound,No,,0,No,,,,,353
  Foster Home,Avg. LOS: 62,119,A0058305672,Cypress,Cat,Domestic Shorthair,3y 1m 8d,Brown/,N,N,Owner/Guardian Surrender/Evaluation/Poss Adopt - FIELD!,F,In Foster,Foster Home,Cry Baby,941010002877905,Cat,,4/15/2022 12:00:00 AM,Tabby/,,N,4/14/2025 5:04 PM,38.60,,Foster Home,7.00 pound,No,,0,No,,,,,353
  Foster Home,Avg. LOS: 62,119,A0058305683,,Cat,Domestic Shorthair,1m 12d,Grey/,N,N,Owner/Guardian Surrender/Evaluation/Poss Adopt - FIELD!,F,In Foster,Foster Home,,,Cat,Mix,4/11/2025 12:00:00 AM,Tabby/,,N,4/14/2025 5:04 PM,38.60,,Foster Home,1.00 pound,No,,0,No,,,,,353
  Foster Home,Avg. LOS: 62,119,A0058305686,,Cat,Domestic Shorthair,1m 12d,Grey/,N,N,Owner/Guardian Surrender/Evaluation/Poss Adopt - FIELD!,M,In Foster,Foster Home,,,Cat,Mix,4/11/2025 12:00:00 AM,Tabby/,,N,4/14/2025 5:04 PM,38.60,,Foster Home,1.00 pound,No,,0,No,,,,,353
  Foster Home,Avg. LOS: 62,119,A0058326519,RUBEN,Cat,Domestic Shorthair,2m 4d,Black/,N,N,Stray/No Hold,F,In Foster,Foster Home,,,Cat,Mix,3/19/2025 12:00:00 AM,,,N,4/23/2025 11:45 AM,29.90,,Foster Home,1.00 pound,No,,0,No,,,,,353
  Foster Home,Avg. LOS: 62,119,A0058336747,,Cat,Domestic Shorthair,2m 1d,Blue/,N,N,Stray/No Hold,M,In Foster,Foster Home,,941010002971007,Cat,Mix,3/22/2025 12:00:00 AM,,,N,4/19/2025 9:53 AM,34.00,needs foster,Foster Home,1.80 pound,No,,0,No,,,,,353
  Foster Home,Avg. LOS: 62,119,A0058336748,,Cat,Domestic Shorthair,2m 1d,Fawn/Grey,N,N,Stray/No Hold,M,In Foster,Foster Home,,941010003794029,Cat,Mix,3/22/2025 12:00:00 AM,Tabby/,,N,4/19/2025 9:53 AM,34.00,needs foster,Foster Home,1.80 pound,No,,0,No,,,,,353
  Foster Home,Avg. LOS: 62,119,A0058353042,SASSAFRAS,Other,Rex,N/A,White/Brown,N,N,Stray/OTC,F,In Foster,Foster Home,SASSAFRAS,,Rabbit,"Harlequin, Magpie",,Harlequin/,,N,4/24/2025 1:29 PM,28.80,NEEDS WEIGHT GAIN,Foster Home,3.40 pound,No,,3,No,,,,,353
  Foster Home,Avg. LOS: 62,119,A0058353916,,Cat,Domestic Longhair,1m 22d,Grey/Orange,N,N,Seized/Signed Over,F,In Foster,Foster Home,,941010003757887,Cat,Mix,4/1/2025 12:00:00 AM,Calico/,,N,4/22/2025 3:30 PM,30.70,ok for foster,Foster Home,1.10 pound,No,,0,No,,,,,353
  Foster Home,Avg. LOS: 62,119,A0058353961,,Cat,Domestic Shorthair,1m 22d,Black/White,N,N,Seized/Signed Over,F,In Foster,Foster Home,,941010002685059,Cat,Mix,4/1/2025 12:00:00 AM,,,N,4/22/2025 3:30 PM,30.70,ok for foster,Foster Home,13.70 ounce,No,,0,No,,,,,353
  Foster Home,Avg. LOS: 62,119,A0058353970,,Cat,Domestic Longhair,1m 22d,Orange/,N,N,Seized/Signed Over,M,In Foster,Foster Home,,941010003640106,Cat,Mix,4/1/2025 12:00:00 AM,Tabby/,,N,4/22/2025 3:30 PM,30.70,ok for foster,Foster Home,1.20 pound,No,,0,No,,,,,353
  Foster Home,Avg. LOS: 62,119,A0058353977,,Cat,Domestic Shorthair,2m 5d,Black/White,N,N,Seized/Signed Over,F,In Foster,Foster Home,,941010003646179,Cat,Mix,3/18/2025 12:00:00 AM,,,N,4/22/2025 3:30 PM,30.70,,Foster Home,2.10 pound,No,,0,No,,,,,353
  Foster Home,Avg. LOS: 62,119,A0058353988,,Cat,Domestic Shorthair,2m 5d,Black/,N,N,Seized/Signed Over,F,In Foster,Foster Home,,941010003649758,Cat,Mix,3/18/2025 12:00:00 AM,,,N,4/22/2025 3:30 PM,30.70,,Foster Home,1.80 pound,No,,0,No,,,,,353
  Foster Home,Avg. LOS: 62,119,A0058359509,BARN,Cat,Domestic Shorthair,N/A,Black/Orange,N,N,Seized/Signed Over,F,In Foster,Foster Home,,941010002884547,Cat,,,Tortoiseshell/,,N,4/23/2025 12:39 PM,29.80,ok for foster,Foster Home,6.20 pound,No,,0,No,,,,,353
  Foster Home,Avg. LOS: 62,119,A0058360042,Willow,Cat,Domestic Shorthair,1m 27d,Grey/,N,N,Owner/Guardian Surrender/Evaluation/Poss Adopt - OTC!,F,In Foster,Foster Home,,941010002865906,Cat,Mix,3/26/2025 12:00:00 AM,Tabby/,,N,4/23/2025 1:09 PM,29.80,Check legs,Foster Home,1.30 pound,No,,0,No,,,,,353
  Foster Home,Avg. LOS: 62,119,A0058360045,Piper,Cat,Domestic Shorthair,1m 27d,Blue/White,N,N,Owner/Guardian Surrender/Evaluation/Poss Adopt - OTC!,F,In Foster,Foster Home,,941010002837647,Cat,Mix,3/26/2025 12:00:00 AM,,,N,4/23/2025 1:09 PM,29.80,Check back legs,Foster Home,1.30 pound,No,,0,No,,,,,353
  Foster Home,Avg. LOS: 62,119,A0058365778,,Cat,Domestic Shorthair,1m 20d,Black/,N,N,Transfer In/Feral Cat Focus,M,In Foster,Foster Home,,,Cat,Mix,4/3/2025 12:00:00 AM,,,N,4/24/2025 10:04 AM,28.90,,Foster Home,1.20 pound,No,,1,No,,,,,353
  Foster Home,Avg. LOS: 62,119,A0058365789,,Cat,Domestic Shorthair,1m 20d,Brown/,N,N,Transfer In/Feral Cat Focus,F,In Foster,Foster Home,,,Cat,,4/3/2025 12:00:00 AM,Tabby/,,N,4/24/2025 10:04 AM,28.90,,Foster Home,13.00 ounce,No,,0,No,,,,,353
  Foster Home,Avg. LOS: 62,119,A0058366232,,Cat,Domestic Shorthair,2m 13d,Grey/White,N,N,Stray/No Hold,M,In Foster,Foster Home,,941010003067847,Cat,Mix,3/10/2025 12:00:00 AM,Tabby/,,N,4/28/2025 2:03 PM,24.80,,Foster Home,2.80 pound,No,,0,No,,,,,353
  Foster Home,Avg. LOS: 62,119,A0058373583,Cloud,Cat,Domestic Longhair,2m 9d,White/Grey,N,N,Stray/No Hold,F,In Foster,Foster Home,,941010002718553,Cat,Mix,3/14/2025 12:00:00 AM,,,N,4/25/2025 10:44 AM,27.90,Too young + sick,Foster Home,1.80 pound,No,,0,No,,,,,353
  Foster Home,Avg. LOS: 62,119,A0058415270,SYLVANAS,Dog,"Mixed Breed, Small (under 24 lbs fully grown)",4y 22d,Blue/,N,Y,Owner/Guardian Surrender/Evaluation/Poss Adopt - OTC!,F,In Foster,Foster Home,,985112012095929,Dog,Mix,5/1/2021 12:00:00 AM,Merle/,,Y,5/1/2025 1:23 PM,21.80,recheck in 2 weeks,Foster Home,14.80 pound,No,,0,No,,,,,353
  Foster Home,Avg. LOS: 62,119,A0058415760,,Cat,Domestic Shorthair,29d,Blue/,N,N,Transfer In/Buffalo City Animal Shelter,F,In Foster,Foster Home,,,Cat,,4/24/2025 12:00:00 AM,,,N,5/1/2025 2:04 PM,21.80,,Foster Home,5.00 ounce,No,,0,No,,,,,353
  Foster Home,Avg. LOS: 62,119,A0058415771,,Cat,Domestic Shorthair,29d,Black/,N,N,Transfer In/Buffalo City Animal Shelter,M,In Foster,Foster Home,,,Cat,,4/24/2025 12:00:00 AM,,,N,5/1/2025 2:04 PM,21.80,,Foster Home,6.00 ounce,No,,0,No,,,,,353
  Foster Home,Avg. LOS: 62,119,A0058415782,,Cat,Domestic Shorthair,29d,Black/,N,N,Transfer In/Buffalo City Animal Shelter,M,In Foster,Foster Home,,,Cat,,4/24/2025 12:00:00 AM,,,N,5/1/2025 2:04 PM,21.80,,Foster Home,6.70 ounce,No,,0,No,,,,,353
  Foster Home,Avg. LOS: 62,119,A0058415796,,Cat,Domestic Shorthair,29d,Black/,N,N,Transfer In/Buffalo City Animal Shelter,M,In Foster,Foster Home,,,Cat,,4/24/2025 12:00:00 AM,,,N,5/1/2025 2:04 PM,21.80,,Foster Home,,No,,0,No,,,,,353
  Foster Home,Avg. LOS: 62,119,A0058415801,,Cat,Domestic Shorthair,29d,Black/,N,N,Transfer In/Buffalo City Animal Shelter,M,In Foster,Foster Home,,,Cat,,4/24/2025 12:00:00 AM,,,N,5/1/2025 2:04 PM,21.80,,Foster Home,6.80 ounce,No,,0,No,,,,,353
  Foster Home,Avg. LOS: 62,119,A0058415806,,Cat,Domestic Shorthair,1m 2d,Black/Orange,N,N,Transfer In/Buffalo City Animal Shelter,F,In Foster,Foster Home,,,Cat,,4/21/2025 12:00:00 AM,,,N,5/1/2025 2:04 PM,21.80,,Foster Home,6.80 ounce,No,,0,No,,,,,353
  Foster Home,Avg. LOS: 62,119,A0058415827,,Cat,Domestic Shorthair,1m 2d,Black/,N,N,Transfer In/Buffalo City Animal Shelter,F,In Foster,Foster Home,,,Cat,,4/21/2025 12:00:00 AM,,,N,5/1/2025 2:04 PM,21.80,,Foster Home,6.50 ounce,No,,0,No,,,,,353
  Foster Home,Avg. LOS: 62,119,A0058415846,BEAN,Cat,Domestic Shorthair,1y 22d,Black/Orange,N,N,Transfer In/Buffalo City Animal Shelter,F,In Foster,Foster Home,,941010003013719,Cat,,5/1/2024 12:00:00 AM,Tortoiseshell/,,N,5/1/2025 2:04 PM,21.80,,Foster Home,7.30 pound,No,,0,No,,,,,353
  Foster Home,Avg. LOS: 62,119,A0058415858,,Cat,Domestic Shorthair,1m 2d,Grey/Tan,N,N,Transfer In/Buffalo City Animal Shelter,F,In Foster,Foster Home,,,Cat,,4/21/2025 12:00:00 AM,Tortoiseshell/,,N,5/1/2025 2:04 PM,21.80,,Foster Home,6.10 ounce,No,,0,No,,,,,353
  Foster Home,Avg. LOS: 62,119,A0058415873,LIMA,Cat,Domestic Shorthair,10m 22d,Black/,N,N,Transfer In/Buffalo City Animal Shelter,F,In Foster,Foster Home,,941010003029432,Cat,,7/1/2024 12:00:00 AM,,,N,5/1/2025 2:04 PM,21.80,,Foster Home,,No,,0,No,,,,,353
  Foster Home,Avg. LOS: 62,119,A0058415888,PINTO,Cat,Domestic Shorthair,2y 22d,Black/,N,N,Transfer In/Buffalo City Animal Shelter,F,In Foster,Foster Home,,941010003668211,Cat,,5/1/2023 12:00:00 AM,,,N,5/1/2025 2:04 PM,21.80,,Foster Home,,No,,0,No,,,,,353
  Foster Home,Avg. LOS: 62,119,A0058415896,,Cat,Domestic Shorthair,1m 13d,Black/,N,N,Transfer In/Buffalo City Animal Shelter,M,In Foster,Foster Home,,,Cat,,4/10/2025 12:00:00 AM,,,N,5/1/2025 2:04 PM,21.80,,Foster Home,13.00 ounce,No,,0,No,,,,,353
  Foster Home,Avg. LOS: 62,119,A0058415899,,Cat,Domestic Shorthair,1m 13d,Black/White,N,N,Transfer In/Buffalo City Animal Shelter,M,In Foster,Foster Home,,,Cat,,4/10/2025 12:00:00 AM,,,N,5/1/2025 2:04 PM,21.80,,Foster Home,12.00 ounce,No,,0,No,,,,,353
  Foster Home,Avg. LOS: 62,119,A0058415904,,Cat,Domestic Shorthair,1m 13d,Black/Orange,N,N,Transfer In/Buffalo City Animal Shelter,F,In Foster,Foster Home,,,Cat,,4/10/2025 12:00:00 AM,Tortoiseshell/,,N,5/1/2025 2:04 PM,21.80,,Foster Home,13.00 ounce,No,,0,No,,,,,353
  Foster Home,Avg. LOS: 62,119,A0058415910,,Cat,Domestic Shorthair,1m 2d,Grey/,N,N,Transfer In/Buffalo City Animal Shelter,M,In Foster,Foster Home,,,Cat,,4/21/2025 12:00:00 AM,,,N,5/1/2025 2:04 PM,21.80,,Foster Home,5.90 ounce,No,,0,No,,,,,353
  Foster Home,Avg. LOS: 62,119,A0058415913,,Cat,Domestic Shorthair,1m 2d,Black/,N,N,Transfer In/Buffalo City Animal Shelter,M,In Foster,Foster Home,,,Cat,,4/21/2025 12:00:00 AM,,,N,5/1/2025 2:04 PM,21.80,,Foster Home,5.70 ounce,No,,0,No,,,,,353
  Foster Home,Avg. LOS: 62,119,A0058419285,Scruffles,Dog,"Mixed Breed, Small (under 24 lbs fully grown)",15y 21d,White/Grey,N,N,Seized/Cruelty,F,In Cruelty Foster,Foster Home,,,Dog,Mix,5/2/2010 12:00:00 AM,,,N,5/1/2025 7:05 PM,21.50,,Foster Home,8.50 pound,No,,0,No,,,,,353
  Foster Home,Avg. LOS: 62,119,A0058425052,Cara,Cat,Domestic Shorthair,1m 20d,Black/,N,N,Stray/OTC,F,In Foster,Foster Home,,941010003009770,Cat,Mix,4/3/2025 12:00:00 AM,,,N,5/2/2025 4:29 PM,20.70,Too young,Foster Home,15.00 ounce,No,,0,No,,,,,353
  Foster Home,Avg. LOS: 62,119,A0058425062,Tangerine,Cat,Domestic Shorthair,1m 20d,Black/Orange,N,N,Stray/OTC,F,In Foster,Foster Home,,941010003659182,Cat,Mix,4/3/2025 12:00:00 AM,Tortoiseshell/,,N,5/2/2025 4:29 PM,20.70,Too young,Foster Home,1.00 pound,No,,0,No,,,,,353
  Foster Home,Avg. LOS: 62,119,A0058425069,Bergamont,Cat,Domestic Shorthair,1m 20d,Brown/,N,N,Stray/OTC,M,In Foster,Foster Home,,941010003667623,Cat,Mix,4/3/2025 12:00:00 AM,Tabby/,,N,5/2/2025 4:29 PM,20.70,Too young,Foster Home,1.20 pound,No,,0,No,,,,,353
  Foster Home,Avg. LOS: 62,119,A0058425077,Valencia,Cat,Domestic Shorthair,1m 20d,Brown/,N,N,Stray/OTC,F,In Foster,Foster Home,,941010002874995,Cat,Mix,4/3/2025 12:00:00 AM,Tabby/,,N,5/2/2025 4:29 PM,20.70,Too young,Foster Home,1.00 pound,No,,0,No,,,,,353
  Foster Home,Avg. LOS: 62,119,A0058427091,Luca,Cat,Domestic Shorthair,1m 11d,Black/,N,N,Stray/No Hold,M,In Foster,Foster Home,,,Cat,Mix,4/12/2025 12:00:00 AM,,,N,5/3/2025 10:19 AM,19.90,,Foster Home,9.00 ounce,No,,0,No,,,,,353
  Foster Home,Avg. LOS: 62,119,A0058433950,HONEY - orange,Cat,Domestic Shorthair,1m 2d,Black/,N,N,Stray/No Hold,F,In Foster,Foster Home,,941010003005433,Cat,Mix,4/21/2025 12:00:00 AM,,,N,5/5/2025 8:54 AM,18.00,Needs TX,Foster Home,12.00 ounce,No,,0,No,,,,,353
  Foster Home,Avg. LOS: 62,119,A0058433952,PEANUT - green,Cat,Domestic Shorthair,1m 2d,Black/,N,N,Stray/No Hold,F,In Foster,Foster Home,,941010003023490,Cat,Mix,4/21/2025 12:00:00 AM,,,N,5/5/2025 8:54 AM,18.00,Needs TX,Foster Home,11.00 ounce,No,,0,No,,,,,353
  Foster Home,Avg. LOS: 62,119,A0058433954,SOCKS,Cat,Domestic Shorthair,1m 2d,Black/,N,N,Stray/No Hold,F,In Foster,Foster Home,,941010002904486,Cat,Mix,4/21/2025 12:00:00 AM,,,N,5/5/2025 8:54 AM,18.00,Needs TX,Foster Home,10.00 ounce,No,,0,No,,,,,353
  Foster Home,Avg. LOS: 62,119,A0058433959,SUGAR - blue,Cat,Domestic Shorthair,1m 2d,Black/,N,N,Stray/No Hold,F,In Foster,Foster Home,,941010003016011,Cat,Mix,4/21/2025 12:00:00 AM,,,N,5/5/2025 8:54 AM,18.00,Needs TX,Foster Home,9.00 ounce,No,,0,No,,,,,353
  Foster Home,Avg. LOS: 62,119,A0058441765,Pimm,Cat,Domestic Shorthair,1m 20d,Orange/,N,N,Owner/Guardian Surrender/Evaluation/Poss Adopt - OTC!,M,In Foster,Foster Home,,941010002692141,Cat,Mix,4/3/2025 12:00:00 AM,Tabby/,,N,5/8/2025 10:51 AM,14.90,,Foster Home,1.10 pound,No,,0,No,,,,,353
  Foster Home,Avg. LOS: 62,119,A0058441766,Darbie,Cat,Domestic Shorthair,1m 20d,Orange/,N,N,Owner/Guardian Surrender/Evaluation/Poss Adopt - OTC!,F,In Foster,Foster Home,,941010003750420,Cat,Mix,4/3/2025 12:00:00 AM,Tabby/,,N,5/8/2025 10:51 AM,14.90,,Foster Home,1.00 pound,No,,0,No,,,,,353
  Foster Home,Avg. LOS: 62,119,A0058441767,Dizzle,Cat,Domestic Shorthair,1m 20d,Brown/,N,N,Owner/Guardian Surrender/Evaluation/Poss Adopt - OTC!,F,In Foster,Foster Home,,941010003749293,Cat,Mix,4/3/2025 12:00:00 AM,Tabby/,,N,5/8/2025 10:51 AM,14.90,,Foster Home,1.10 pound,No,,0,No,,,,,353
  Foster Home,Avg. LOS: 62,119,A0058441769,Bibble,Cat,Domestic Shorthair,1m 20d,Brown/,N,N,Owner/Guardian Surrender/Evaluation/Poss Adopt - OTC!,M,In Foster,Foster Home,,941010003738050,Cat,Mix,4/3/2025 12:00:00 AM,Tabby/,,N,5/8/2025 10:51 AM,14.90,,Foster Home,1.20 pound,No,,1,No,,,,,353
  Foster Home,Avg. LOS: 62,119,A0058442198,,Cat,Domestic Shorthair,2y 16d,Black/White,N,N,Stray/OTC,F,In Foster,Foster Home,,,Cat,,5/7/2023 12:00:00 AM,,,N,5/6/2025 1:45 PM,16.80,,Foster Home,10.00 pound,No,,0,No,,,,,353
  Foster Home,Avg. LOS: 62,119,A0058443901,ELENA,Cat,Domestic Shorthair,3y 17d,White/Orange,N,N,Seized/Signed Over,F,In Foster,Foster Home,1,,Cat,,5/6/2022 12:00:00 AM,Calico/,,N,5/6/2025 1:22 PM,16.80,MED CLEAR FOR FOSTER,Foster Home,,No,,0,No,,,,,353
  Foster Home,Avg. LOS: 62,119,A0058444073,,Cat,Domestic Longhair,1m 15d,Black/Smoke,N,N,Seized/Signed Over,M,In Foster,Foster Home,13,,Cat,Mix,4/8/2025 12:00:00 AM,,,N,5/6/2025 1:22 PM,16.80,,Foster Home,9.00 ounce,No,,0,No,,,,,353
  Foster Home,Avg. LOS: 62,119,A0058444084,,Cat,Domestic Longhair,1m 22d,Orange/White,N,N,Seized/Signed Over,M,In Foster,Foster Home,14,,Cat,Mix,4/1/2025 12:00:00 AM,,,N,5/6/2025 1:22 PM,16.80,MED CLEAR FOR FOSTER,Foster Home,8.00 ounce,No,,0,No,,,,,353
  Foster Home,Avg. LOS: 62,119,A0058447679,,Cat,Snowshoe,1m 22d,Cream/Seal/Lilac,N,N,Owner/Guardian Surrender/Evaluation/Poss Adopt - FIELD!,F,In Foster,Foster Home,35,,Cat,Mix,4/1/2025 12:00:00 AM,Point/,,N,5/6/2025 4:50 PM,16.70,MED CLEAR FOR FOSTER,Foster Home,11.00 ounce,No,,0,No,,,,,353
  Foster Home,Avg. LOS: 62,119,A0058450092,MILO,Cat,Domestic Shorthair,1m 27d,Blue/White,N,N,Stray/No Hold,M,In Foster,Foster Home,,941010003709837,Cat,Mix,3/26/2025 12:00:00 AM,,,N,5/7/2025 10:04 AM,15.90,,Foster Home,1.40 gram,No,,0,No,,,,,353
  Foster Home,Avg. LOS: 62,119,A0058450156,,Cat,Domestic Longhair,1y 6m 16d,Brown/White,N,N,Stray/OTC,F,In Foster,Foster Home,,,Cat,Mix,11/7/2023 12:00:00 AM,Tabby/,,N,5/7/2025 10:12 AM,15.90,Nursing mom,Foster Home,7.10 pound,No,,0,No,,,,,353
  Foster Home,Avg. LOS: 62,119,A0058450160,,Cat,Domestic Shorthair,17d,Grey/White,N,N,Stray/OTC,F,In Foster,Foster Home,,,Cat,Mix,5/6/2025 12:00:00 AM,,,N,5/7/2025 10:12 AM,15.90,too young/nursing,Foster Home,7.46 ounce,No,,0,No,,,,,353
  Foster Home,Avg. LOS: 62,119,A0058457372,,Cat,Domestic Shorthair,16d,Grey/White,N,N,Stray/Born in Care,M,In Foster,Foster Home,,,Cat,,5/7/2025 12:00:00 AM,Tabby/,,N,5/8/2025 8:42 AM,15.00,,Foster Home,3.50 ounce,No,,0,No,,,,,353
  Foster Home,Avg. LOS: 62,119,A0058457373,,Cat,Domestic Shorthair,16d,White/Black,N,N,Stray/Born in Care,M,In Foster,Foster Home,,,Cat,,5/7/2025 12:00:00 AM,,,N,5/8/2025 8:42 AM,15.00,,Foster Home,3.00 ounce,No,,0,No,,,,,353
  Foster Home,Avg. LOS: 62,119,A0058457378,,Cat,Domestic Shorthair,16d,Black/White,N,N,Stray/Born in Care,M,In Foster,Foster Home,,,Cat,,5/7/2025 12:00:00 AM,,,N,5/8/2025 8:42 AM,15.00,,Foster Home,4.00 ounce,No,,0,No,,,,,353
  Foster Home,Avg. LOS: 62,119,A0058465818,,Cat,Domestic Shorthair,1m 12d,Brown/,N,N,Stray/No Hold,F,In Foster,Foster Home,,941010003739548,Cat,Mix,4/11/2025 12:00:00 AM,Tabby/,,N,5/9/2025 9:10 AM,14.00,,Foster Home,14.00 pound,No,,0,No,,,,,353
  Foster Home,Avg. LOS: 62,119,A0058475350,Bella,Dog,"Chihuahua, Short Coat",9y 13d,Tan/,N,U,Seized/Signed Over,F,In Foster,Foster Home,,941010003690372,Dog,Mix,5/10/2016 12:00:00 AM,,,U,5/10/2025 2:20 PM,12.80,,Foster Home,5.00 pound,No,,0,No,,,,,353
  Foster Home,Avg. LOS: 62,119,A0058484847,CHERRY BLOSSOM,Cat,Domestic Shorthair,1y 11d,White/Brown,N,N,Stray/OTC,F,In Foster,Foster Home,,,Cat,,5/12/2024 12:00:00 AM,Tabby/,,N,5/12/2025 3:06 PM,10.70,,Foster Home,7.25 pound,No,,0,No,,,,,353
  Foster Home,Avg. LOS: 62,119,A0058488859,,Cat,Domestic Shorthair,2m 10d,Black/Tan,N,N,Owner/Guardian Surrender/Evaluation/Poss Adopt - OTC!,F,In Foster,Foster Home,,941010003772437,Cat,,3/13/2025 12:00:00 AM,Tortoiseshell/,,N,5/13/2025 10:11 AM,9.90,needs weight gain,Foster Home,1.60 pound,No,,0,No,,,,,353
  Foster Home,Avg. LOS: 62,119,A0058504918,,Cat,Domestic Shorthair,9d,White/Black,N,N,Stray/Born in Care,M,In Foster,Foster Home,,,Cat,,5/14/2025 12:00:00 AM,,,N,5/15/2025 8:30 AM,8.00,,Foster Home,3.00 ounce,No,,0,No,,,,,353
  Foster Home,Avg. LOS: 62,119,A0058504919,,Cat,Domestic Shorthair,9d,White/Black,N,N,Stray/Born in Care,M,In Foster,Foster Home,,,Cat,,5/14/2025 12:00:00 AM,,,N,5/15/2025 8:30 AM,8.00,,Foster Home,3.00 ounce,No,,0,No,,,,,353
  Foster Home,Avg. LOS: 62,119,A0058504921,,Cat,Domestic Shorthair,9d,Brown/White,N,N,Stray/Born in Care,M,In Foster,Foster Home,,,Cat,,5/14/2025 12:00:00 AM,Tabby/,,N,5/15/2025 8:30 AM,8.00,,Foster Home,2.90 ounce,No,,0,No,,,,,353
  Foster Home,Avg. LOS: 62,119,A0058504922,,Cat,Domestic Shorthair,9d,Black/White,N,N,Stray/Born in Care,M,In Foster,Foster Home,,,Cat,,5/14/2025 12:00:00 AM,,,N,5/15/2025 8:30 AM,8.00,,Foster Home,2.50 ounce,No,,0,No,,,,,353
  Foster Home,Avg. LOS: 62,119,A0058514522,BUCKEYE,Cat,Domestic Shorthair,2y 4d,Black/White,N,N,Stray/OTC,F,In Foster,Foster Home,,,Cat,,5/19/2023 12:00:00 AM,,,N,5/19/2025 10:20 AM,3.90,,Foster Home,6.75 pound,No,,0,No,,,,,353
  Foster Home,Avg. LOS: 62,119,A0058514530,,Cat,Domestic Shorthair,25d,Black/White,N,N,Stray/OTC,F,In Foster,Foster Home,,941010003704885,Cat,,4/28/2025 12:00:00 AM,,,N,5/19/2025 10:20 AM,3.90,,Foster Home,14.00 ounce,No,,0,No,,,,,353
  Foster Home,Avg. LOS: 62,119,A0058514533,,Cat,Domestic Shorthair,25d,Black/White,N,N,Stray/OTC,M,In Foster,Foster Home,,941010003707726,Cat,,4/28/2025 12:00:00 AM,,,N,5/19/2025 10:20 AM,3.90,,Foster Home,13.70 ounce,No,,0,No,,,,,353
  Foster Home,Avg. LOS: 62,119,A0058514534,,Cat,Domestic Shorthair,25d,Black/White,N,N,Stray/OTC,M,In Foster,Foster Home,,941010002714129,Cat,,4/28/2025 12:00:00 AM,,,N,5/19/2025 10:20 AM,3.90,,Foster Home,14.00 ounce,No,,0,No,,,,,353
  Foster Home,Avg. LOS: 62,119,A0058514537,,Cat,Domestic Shorthair,25d,Black/White,N,N,Stray/OTC,F,In Foster,Foster Home,,941010002687293,Cat,,4/28/2025 12:00:00 AM,,,N,5/19/2025 10:20 AM,3.90,,Foster Home,14.30 ounce,No,,0,No,,,,,353
  Foster Home,Avg. LOS: 62,119,A0058516368,,Cat,Domestic Shorthair,1m 5d,Black/,N,N,Stray/No Hold,M,In Foster,Foster Home,,941010002684333,Cat,Mix,4/18/2025 12:00:00 AM,,,N,5/16/2025 2:03 PM,6.80,clear for foster,Foster Home,1.10 pound,No,,0,No,,,,,353
  Foster Home,Avg. LOS: 62,119,A0058516375,,Cat,Domestic Shorthair,1m 5d,Black/,N,N,Stray/No Hold,M,In Foster,Foster Home,,941010003676821,Cat,Mix,4/18/2025 12:00:00 AM,,,N,5/16/2025 2:03 PM,6.80,clear for foster,Foster Home,1.00 pound,No,,0,No,,,,,353
  Foster Home,Avg. LOS: 62,119,A0058516378,,Cat,Domestic Shorthair,1m 5d,Grey/,N,N,Stray/No Hold,M,In Foster,Foster Home,,941010003654704,Cat,Mix,4/18/2025 12:00:00 AM,,,N,5/16/2025 2:03 PM,6.80,clear for foster,Foster Home,1.00 pound,No,,0,No,,,,,353
  Foster Home,Avg. LOS: 62,119,A0058517968,KATNISS,Cat,Domestic Shorthair,1m 5d,Brown/White,N,N,Stray/No Hold,F,In Foster,Foster Home,,941010002715899,Cat,Mix,4/18/2025 12:00:00 AM,Tabby/,,N,5/16/2025 3:55 PM,6.70,Ok for foster w/meds,Foster Home,14.00 ounce,No,,0,No,,,,,353
  Foster Home,Avg. LOS: 62,119,A0058517971,PRIMROSE,Cat,Domestic Shorthair,1m 5d,Grey/White,N,N,Stray/No Hold,F,In Foster,Foster Home,,941010003724696,Cat,Mix,4/18/2025 12:00:00 AM,Tabby/,,N,5/16/2025 3:55 PM,6.70,Ok for foster w/meds,Foster Home,1.00 pound,No,,0,No,,,,,353
  Foster Home,Avg. LOS: 62,119,A0058517973,HAYMITCH,Cat,Domestic Shorthair,1m 5d,Brown/White,N,N,Stray/No Hold,M,In Foster,Foster Home,,941010003706766,Cat,Mix,4/18/2025 12:00:00 AM,Tabby/,,N,5/16/2025 3:55 PM,6.70,Ok for foster w/meds,Foster Home,1.00 pound,No,,0,No,,,,,353
  Foster Home,Avg. LOS: 62,119,A0058517974,PEETA,Cat,Domestic Shorthair,1m 5d,Grey/White,N,N,Stray/No Hold,M,In Foster,Foster Home,,941010002708542,Cat,Mix,4/18/2025 12:00:00 AM,,,N,5/16/2025 3:55 PM,6.70,Ok for foster w/meds,Foster Home,1.10 pound,No,,0,No,,,,,353
  Foster Home,Avg. LOS: 62,119,A0058522221,SESAME,Cat,Domestic Shorthair,27d,Cream/Orange,N,N,Stray/No Hold,M,In Foster,Foster Home,,,Cat,Mix,4/26/2025 12:00:00 AM,Point/,,N,5/17/2025 1:52 PM,5.80,,Foster Home,13.10 ounce,No,,0,No,,,,,353
  Foster Home,Avg. LOS: 62,119,A0058522229,CHIA,Cat,Domestic Shorthair,27d,Grey/Tan,N,N,Stray/No Hold,F,In Foster,Foster Home,,,Cat,Mix,4/26/2025 12:00:00 AM,Tabby/,,N,5/17/2025 1:52 PM,5.80,,Foster Home,12.10 ounce,No,,0,No,,,,,353
  Foster Home,Avg. LOS: 62,119,A0058523296,TRIXIE,Cat,Domestic Shorthair,27d,Brown/,N,N,Stray/No Hold,F,In Foster,Foster Home,,941010003719657,Cat,Mix,4/26/2025 12:00:00 AM,Tabby/,,N,5/17/2025 3:55 PM,5.70,CLEAR FOR FOSTER - ON MEDS,Foster Home,11.00 ounce,No,,0,No,,,,,353
  Foster Home,Avg. LOS: 62,119,A0058540584,,Cat,Domestic Shorthair,1m 8d,Grey/White,N,N,Stray/No Hold,M,In Foster,Foster Home,,941010003725645,Cat,Mix,4/15/2025 12:00:00 AM,Tabby/,,N,5/20/2025 3:23 PM,2.70,,Foster Home,1.00 pound,No,,0,No,,,,,353
  Foster Home,Avg. LOS: 62,119,A0058540651,,Cat,Domestic Shorthair,1m 8d,Brown/,N,N,Stray/No Hold,F,In Foster,Foster Home,,941010003762302,Cat,Mix,4/15/2025 12:00:00 AM,Tabby/,,N,5/20/2025 3:23 PM,2.70,,Foster Home,15.00 ounce,No,,0,No,,,,,353
  Foster Home,Avg. LOS: 62,119,A0058540666,,Cat,Domestic Shorthair,1m 8d,Brown/,N,N,Stray/No Hold,M,In Foster,Foster Home,,941010003636435,Cat,Mix,4/15/2025 12:00:00 AM,Tabby/,,N,5/20/2025 3:23 PM,2.70,,Foster Home,1.00 pound,No,,0,No,,,,,353
  Foster Home,Avg. LOS: 62,119,A0058540675,,Cat,Domestic Shorthair,1m 8d,Brown/,N,N,Stray/No Hold,M,In Foster,Foster Home,,941010002699160,Cat,Mix,4/15/2025 12:00:00 AM,Tabby/,,N,5/20/2025 3:23 PM,2.70,,Foster Home,1.00 pound,No,,0,No,,,,,353
  Foster Home,Avg. LOS: 62,119,A0058540683,,Cat,Domestic Shorthair,1m 8d,Brown/White,N,N,Stray/No Hold,M,In Foster,Foster Home,,941010002712793,Cat,Mix,4/15/2025 12:00:00 AM,Tabby/,,N,5/20/2025 3:23 PM,2.70,,Foster Home,1.00 pound,No,,0,No,,,,,353
  Foster Home,Avg. LOS: 62,119,A0058540989,JANET,Cat,Domestic Shorthair,15d,White/Brown,N,N,Stray/No Hold,F,In Foster,Foster Home,,,Cat,Mix,5/8/2025 12:00:00 AM,Tabby/,,N,5/20/2025 3:27 PM,2.70,,Foster Home,5.00 ounce,No,,0,No,,,,,353
  Foster Home,Avg. LOS: 62,119,A0058544621,,Cat,Domestic Shorthair,23d,Black/,N,N,Stray/No Hold,F,In Foster,Foster Home,,941010003674974,Cat,,4/30/2025 12:00:00 AM,,,N,5/21/2025 12:31 PM,1.80,,Foster Home,8.90 ounce,No,,1,No,,,,,353
  Foster Home,Avg. LOS: 62,119,A0058544622,,Cat,Domestic Shorthair,23d,Black/,N,N,Stray/No Hold,F,In Foster,Foster Home,,941010003734577,Cat,,4/30/2025 12:00:00 AM,,,N,5/21/2025 12:31 PM,1.80,,Foster Home,10.30 ounce,No,,1,No,,,,,353
  Foster Home,Avg. LOS: 62,119,A0058544624,,Cat,Domestic Shorthair,23d,Black/,N,N,Stray/No Hold,M,In Foster,Foster Home,,941010003764189,Cat,,4/30/2025 12:00:00 AM,,,N,5/21/2025 12:31 PM,1.80,,Foster Home,8.90 ounce,No,,1,No,,,,,353
  Humane Education Office,Avg. LOS: 539,6,A0050404927,HANDSOME HENRY,Other,Ferret,3y 11m 12d,Sable/,N,Y,Owner/Guardian Surrender/Guardian Surrender - OTC!,M,Permanent Resident,Humane Education Office,,941010003153911,Mammal,,6/11/2021 12:00:00 AM,,,Y,6/14/2022 10:29 AM,1073.90,per HuEd,Humane Ed Office,2.50 pound,No,,0,No,,,,,353
  Humane Education Office,Avg. LOS: 539,6,A0051407698,FLAKE,Other,"Snake, Corn",N/A,Orange/Golden,N,N,Stray/OTC,M,Permanent Resident,Humane Education Office,,,Reptile/Amphibian,,,,,N,10/26/2022 5:44 PM,939.60,,Humane Ed Office,136.00 gram,No,,0,No,,,,,353
  Humane Education Office,Avg. LOS: 539,6,A0052747565,Elliot,Other,Bearded Dragon,N/A,Brown/,N,N,Stray/Abandoned by owner - OTC!,M,Permanent Resident,Humane Education Office,,,Reptile/Amphibian,,,,,N,5/27/2023 9:18 AM,727.00,Humane Education Perm Resident,Humane Ed Office,446.00 gram,No,,0,No,,,,,353
  Humane Education Office,Avg. LOS: 539,6,A0056143449,HERBIE,Other,GUINEA PIG,11m 10d,Brown/White,N,N,Stray/Born in Foster,M,Permanent Resident,Humane Education Office,KENT,,Rodent,GUINEA PIG,6/13/2024 12:00:00 AM,Tricolor/,,N,6/13/2024 2:33 PM,343.80,MED CLEARED,Humane Ed Office,9.50 ounce,No,,0,No,,,,,353
  Humane Education Office,Avg. LOS: 539,6,A0057946635,,Other,RAT-DOMESTIC,3m 10d,White/,N,N,Owner/Guardian Surrender/Evaluation/Poss Adopt - OTC!,M,In Foster,Humane Education Office,,,Rodent,,2/13/2025 12:00:00 AM,,,N,3/6/2025 10:12 AM,77.90,with Humane Ed until sx,Humane Ed Office,263.00 gram,No,,0,No,,,,,353
  Humane Education Office,Avg. LOS: 539,6,A0058058104,,Other,RAT-DOMESTIC,2m 9d,White/,N,N,Owner/Guardian Surrender/Born in Foster,M,In Foster,Humane Education Office,,,Rodent,RAT-DOMESTIC,3/14/2025 12:00:00 AM,,,N,3/14/2025 3:08 PM,69.70,with Humane Ed until sx,Humane Ed Office,200.00 gram,No,,0,No,,,,,353
  ICU,Avg. LOS: 1,2,A0058554522,Luna,Cat,Domestic Shorthair,1y 6m 1d,Black/White,N,N,Owner/Guardian Surrender/Evaluation/Poss Adopt - FIELD!,F,Hold - Surgery,ICU,,941010002681947,Cat,Mix,11/22/2023 12:00:00 AM,Tuxedo/,,N,5/22/2025 11:49 AM,0.90,,04,8.70 pound,No,,0,No,,,,,353
  ICU,Avg. LOS: 1,2,A0058550182,Gemini,Cat,Domestic Shorthair,5y 2d,Brown/White,N,Y,Clinic/Medical Treatment,F,Clinic Animal,ICU,,982000407658401,Cat,Mix,5/21/2020 12:00:00 AM,Tabby/,,Y,5/21/2025 3:57 PM,1.70,,06,6.75 pound,No,,0,No,,,,,353
  If The Fur Fits,Avg. LOS: 55,35,A0057670293,Colby Jack Cheese,Dog,"Mixed Breed, Medium (up to 44 lbs fully grown)",1y 4m 6d,Black/,N,N,Seized/Abandoned,M,In If the Fur Fits - Behavior,If The Fur Fits,,941010002133726,Dog,Mix,1/17/2024 12:00:00 AM,,,Y,1/17/2025 4:45 PM,125.70,,Behavior,35.20 pound,No,,3,Yes,,,,,353
  If The Fur Fits,Avg. LOS: 55,35,A0030551496,SCOUT,Dog,"Mixed Breed, Large (over 44 lbs fully grown)",11y 10m 14d,Tan/White,N,Y,Return/Guardian Surrender - OTC!,M,In If the Fur Fits - Medical,If The Fur Fits,,982000402187218,Dog,Mix,7/9/2013 12:00:00 AM,,,Y,5/1/2025 10:18 AM,21.90,,Medical,47.80 pound,No,,3,Yes,,,,,353
  If The Fur Fits,Avg. LOS: 55,35,A0041103469,MITTENS,Cat,Domestic Shorthair,10y 3m 25d,Brown/White,N,Y,Seized/Signed Over,F,In If the Fur Fits - Medical,If The Fur Fits,,982126054777958,Cat,,1/31/2015 12:00:00 AM,Tabby/,,Y,4/16/2025 10:25 AM,36.90,"med clear itff, needs dental",Medical,7.00 pound,No,,3,No,,,,,353
  If The Fur Fits,Avg. LOS: 55,35,A0057305889,SABRE,Cat,Domestic Shorthair,4y 6m 2d,Orange/White,N,Y,Owner/Guardian Surrender/Guardian Surrender - OTC!,M,In If the Fur Fits - Medical,If The Fur Fits,,941010002345909,Cat,,11/21/2020 12:00:00 AM,Tabby/,,Y,11/21/2024 10:12 AM,182.90,ITFF Medical- Dental,Medical,9.50 pound,No,,3,No,,,,,353
  If The Fur Fits,Avg. LOS: 55,35,A0057711591,Comet,Cat,Domestic Shorthair,13y 3m 25d,Black/,N,Y,Owner/Guardian Surrender/Guardian Surrender - OTC!,F,In If the Fur Fits - Medical,If The Fur Fits,,941010002412234,Cat,,1/28/2012 12:00:00 AM,,,Y,1/28/2025 2:01 PM,114.80,NEEDS DENTAL SCHEDULED,Medical,8.50 pound,No,,3,No,,,,,353
  If The Fur Fits,Avg. LOS: 55,35,A0057782868,GUSTAVO,Cat,Domestic Longhair,6y 2m 13d,Brown/,N,Y,Stray/OTC,M,In If the Fur Fits - Medical,If The Fur Fits,"GUSTAVO AKA ""GUS""",982126059830947,Cat,,3/10/2019 12:00:00 AM,Tabby/,,Y,2/20/2025 2:05 PM,91.80,,Medical,10.75 pound,No,,3,No,,,,,353
  If The Fur Fits,Avg. LOS: 55,35,A0057853586,SNORKEL,Cat,Domestic Shorthair,3m 29d,Grey/,N,N,Owner/Guardian Surrender/Evaluation/Poss Adopt - FIELD!,M,In If the Fur Fits - Medical,If The Fur Fits,,941010002908018,Cat,,1/24/2025 12:00:00 AM,Tabby/,,Y,2/14/2025 2:56 PM,97.80,,Medical,5.00 pound,No,,0,No,,,,,353
  If The Fur Fits,Avg. LOS: 55,35,A0057853590,SPEEDO,Cat,Snowshoe,3m 29d,Lynx/,N,N,Owner/Guardian Surrender/Evaluation/Poss Adopt - FIELD!,M,In If the Fur Fits - Medical,If The Fur Fits,,941010002866371,Cat,Mix,1/24/2025 12:00:00 AM,Point/,,Y,2/14/2025 2:56 PM,97.80,,Medical,4.60 pound,No,,0,No,,,,,353
  If The Fur Fits,Avg. LOS: 55,35,A0057853599,FLIP-FLOP,Cat,Domestic Shorthair,3m 29d,Black/,N,N,Owner/Guardian Surrender/Evaluation/Poss Adopt - FIELD!,M,In If the Fur Fits - Medical,If The Fur Fits,,941010002894001,Cat,,1/24/2025 12:00:00 AM,,,Y,2/14/2025 2:56 PM,97.80,,Medical,4.50 pound,No,,0,No,,,,,353
  If The Fur Fits,Avg. LOS: 55,35,A0057884999,COLLIE,Cat,Domestic Shorthair,4y 3m 3d,Orange/,N,N,Owner/Guardian Surrender/OTC,M,In If the Fur Fits - Medical,If The Fur Fits,,941010002905413,Cat,,2/20/2021 12:00:00 AM,Tabby/,,Y,2/20/2025 3:41 PM,91.70,NEEDS DENTAL SCHEDULED,Medical,7.25 pound,No,,2,No,,,,,353
  If The Fur Fits,Avg. LOS: 55,35,A0057916152,SODA BREAD,Cat,Domestic Shorthair,10y 2m 27d,Orange/,N,U,Seized/Hospital,M,In If the Fur Fits - Medical,If The Fur Fits,,941010003780350,Cat,,2/26/2015 12:00:00 AM,Tabby/,,Y,2/26/2025 10:45 AM,85.90,NEEDS DENTAL SCHEDULED,Medical,12.25 pound,No,,3,No,,,,,353
  If The Fur Fits,Avg. LOS: 55,35,A0057966945,Nushi,Cat,Domestic Shorthair,6y 2m 17d,Blue/White,N,N,Owner/Guardian Surrender/Evaluation/Poss Adopt - OTC!,M,In If the Fur Fits - Medical,If The Fur Fits,,941010003725725,Cat,,3/6/2019 12:00:00 AM,,,Y,3/25/2025 9:49 AM,59.00,,Medical,10.50 pound,No,,3,No,,,,,353
  If The Fur Fits,Avg. LOS: 55,35,A0058017236,BENTLEY,Dog,Hound,3y 2m 9d,Black/Tan,N,Y,Seized/Signed Over,M,In If the Fur Fits - Medical,If The Fur Fits,,941010002869457,Dog,Mix,3/14/2022 12:00:00 AM,Tricolor/,,Y,3/14/2025 2:08 PM,69.80,,Medical,57.00 pound,No,,0,No,,,,,353
  If The Fur Fits,Avg. LOS: 55,35,A0058018420,SAMMY,Dog,Shih Tzu,8y 8m 10d,White/Blue,N,Y,Owner/Guardian Surrender/Evaluation/Poss Adopt - OTC!,M,In If the Fur Fits - Medical,If The Fur Fits,,982000411328019,Dog,"Chihuahua, Short Coat",9/13/2016 12:00:00 AM,,,Y,4/3/2025 9:58 AM,50.00,IN ITFF MEDICAL,Medical,13.50 pound,No,,0,No,,,,,353
  If The Fur Fits,Avg. LOS: 55,35,A0058048215,OREO,Cat,Domestic Shorthair,8y 2m 3d,Black/White,N,N,Owner/Guardian Surrender/Evaluation/Poss Adopt - OTC!,M,In If the Fur Fits - Medical,If The Fur Fits,,941010002854364,Cat,,3/20/2017 12:00:00 AM,,,Y,3/21/2025 12:22 PM,62.80,NEEDS DENTAL SCHEDULED,Medical,9.50 pound,No,,3,No,,,,,353
  If The Fur Fits,Avg. LOS: 55,35,A0058074487,JENNIFER,Cat,Domestic Shorthair,8y 1m 28d,White/Black,N,Y,Seized/Signed Over,F,In If the Fur Fits - Medical,If The Fur Fits,,941010002908153,Cat,,3/25/2017 12:00:00 AM,,,Y,3/25/2025 11:07 AM,58.90,NEEDS DENTAL SCHEDULED,Medical,9.00 pound,No,,3,No,,,,,353
  If The Fur Fits,Avg. LOS: 55,35,A0058074491,CARMELA,Cat,Domestic Shorthair,8y 1m 28d,Blue/White,N,Y,Seized/Signed Over,F,In If the Fur Fits - Medical,If The Fur Fits,,941010002934180,Cat,,3/25/2017 12:00:00 AM,,,Y,3/25/2025 11:07 AM,58.90,,Medical,9.60 pound,No,,3,No,,,,,353
  If The Fur Fits,Avg. LOS: 55,35,A0058216827,WESLEY,Cat,Domestic Shorthair,6y 1m 23d,Blue/,N,Y,Stray/OTC,M,In If the Fur Fits - Medical,If The Fur Fits,,941010002911698,Cat,,3/31/2019 12:00:00 AM,,,Y,3/31/2025 11:29 AM,52.90,,Medical,11.50 pound,No,,3,No,,,,,353
  If The Fur Fits,Avg. LOS: 55,35,A0058257630,FRANNIE,Cat,British Shorthair,6y 1m 16d,Brown/,N,Y,Transfer In/Feral Cat Focus,F,In If the Fur Fits - Medical,If The Fur Fits,,941010002906000,Cat,Mix,4/7/2019 12:00:00 AM,Tabby/,,Y,4/14/2025 1:08 PM,38.80,,Medical,7.75 pound,No,,3,No,,,,,353
  If The Fur Fits,Avg. LOS: 55,35,A0058300063,JIMBO,Dog,Terrier,2y 2m 22d,Grey/White,N,Y,Owner/Guardian Surrender/Evaluation/Poss Adopt - FIELD!,M,In If the Fur Fits - Medical,If The Fur Fits,Jon Jon,941010001831010,Dog,Mix,3/1/2023 12:00:00 AM,,,Y,4/14/2025 8:24 AM,39.00,,Medical,10.20 pound,No,,0,No,,,,,353
  If The Fur Fits,Avg. LOS: 55,35,A0058300360,HANDSOME BOY,Cat,Domestic Shorthair,1y 1m 9d,Black/,N,N,Stray/Field,M,In If the Fur Fits - Medical,If The Fur Fits,BOY,941010002849004,Cat,,4/14/2024 12:00:00 AM,,,Y,4/14/2025 9:30 AM,39.00,,Medical,9.75 pound,No,,2,No,,,,,353
  If The Fur Fits,Avg. LOS: 55,35,A0058304780,BEAUFORD,Dog,Shih Tzu,5y 1m 8d,White/Brown,N,N,Seized/Signed Over,M,In If the Fur Fits - Medical,If The Fur Fits,,941010002881124,Dog,Mix,4/15/2020 12:00:00 AM,,,Y,4/15/2025 9:38 AM,38.00,,Medical,21.00 pound,No,,3,No,,,,,353
  If The Fur Fits,Avg. LOS: 55,35,A0058304783,MUPPET,Dog,Shih Tzu,3y 1m 6d,White/,N,N,Seized/Signed Over,F,In If the Fur Fits - Medical,If The Fur Fits,,941010002871300,Dog,Mix,4/17/2022 12:00:00 AM,,,Y,4/15/2025 9:38 AM,38.00,,Medical,11.20 pound,No,,3,No,,,,,353
  If The Fur Fits,Avg. LOS: 55,35,A0058304786,DORIS,Dog,Shih Tzu,8y 1m 8d,Tan/Black,N,N,Seized/Signed Over,F,In If the Fur Fits - Medical,If The Fur Fits,,941010002883982,Dog,Mix,4/15/2017 12:00:00 AM,,,Y,4/15/2025 9:38 AM,38.00,,Medical,9.00 pound,No,,0,No,,,,,353
  If The Fur Fits,Avg. LOS: 55,35,A0058365909,FRANKLIN,Cat,Domestic Shorthair,8y 29d,Grey/White,N,Y,Owner/Guardian Surrender/Evaluation/Poss Adopt - OTC!,M,In If the Fur Fits - Medical,If The Fur Fits,FRANNY/FRANCIS,941010003047159,Cat,,4/24/2017 12:00:00 AM,,,Y,4/29/2025 2:51 PM,23.80,,Medical,21.50 pound,No,,0,No,,,,,353
  If The Fur Fits,Avg. LOS: 55,35,A0058387440,Coco,Dog,"Terrier, Yorkshire",2y 25d,Brown/,N,Y,Owner/Guardian Surrender/Evaluation/Poss Adopt - OTC!,M,In If the Fur Fits - Medical,If The Fur Fits,,933000320342820,Dog,Mix,4/28/2023 12:00:00 AM,,,Y,5/6/2025 12:47 PM,16.80,,Medical,5.00 pound,No,,2,No,,,,,353
  If The Fur Fits,Avg. LOS: 55,35,A0058403308,LINDA LEIGH,Dog,"Mixed Breed, Medium (up to 44 lbs fully grown)",8m 22d,Tan/White,N,N,Transfer In/ACO or DCO in County,F,In If the Fur Fits - Medical,If The Fur Fits,,941010002867434,Dog,Mix,9/1/2024 12:00:00 AM,,,Y,5/1/2025 12:00 PM,21.80,beh ok itff med,Medical,43.00 pound,No,,3,No,,,,,353
  If The Fur Fits,Avg. LOS: 55,35,A0058448506,Momo,Cat,Ragdoll,2m 27d,Cream/Brown,N,N,Owner/Guardian Surrender/OTC,M,In If the Fur Fits - Medical,If The Fur Fits,36,941010002695063,Cat,Mix,2/26/2025 12:00:00 AM,,,N,5/6/2025 6:33 PM,16.60,medically cleared ITFF,Medical,2.40 pound,No,,0,No,,,,,353
  If The Fur Fits,Avg. LOS: 55,35,A0058452209,Elvis,Cat,Domestic Shorthair,1y 16d,Black/White,N,N,Owner/Guardian Surrender/Evaluation/Poss Adopt - FIELD!,M,In If the Fur Fits - Medical,If The Fur Fits,39,941010003731773,Cat,,5/7/2024 12:00:00 AM,,,N,5/7/2025 12:49 PM,15.80,medically cleared ITFF,Medical,8.40 pound,No,,0,No,,,,,353
  If The Fur Fits,Avg. LOS: 55,35,A0058509980,Daisy,Dog,Beagle,5y 8d,Brown/White,N,N,Seized/Signed Over,F,In If the Fur Fits - Medical,If The Fur Fits,,956000013410687,Dog,Mix,5/15/2020 12:00:00 AM,,,Y,5/15/2025 3:29 PM,7.70,,Medical,20.00 pound,No,,3,Yes,,,,,353
  If The Fur Fits,Avg. LOS: 55,35,A0058060615,Blossom,Cat,Domestic Shorthair,1y 2m 1d,Orange/Black,N,N,Stray/OTC,F,In If the Fur Fits - Trial,If The Fur Fits,BLOSSOM,941010002905293,Cat,,3/22/2024 12:00:00 AM,Calico/,,Y,3/22/2025 9:50 AM,62.00,,Trial,6.75 pound,No,,0,No,,,,,353
  If The Fur Fits,Avg. LOS: 55,35,A0058398503,Ginny,Dog,"Mixed Breed, Medium (up to 44 lbs fully grown)",4y 24d,White/Brown,N,N,Transfer In/ACO or DCO in County,F,In If the Fur Fits - Trial,If The Fur Fits,,941010003671648,Dog,Mix,4/29/2021 12:00:00 AM,Brindle/,,Y,4/29/2025 2:27 PM,23.80,,Trial,48.00 pound,No,,3,No,,,,,353
  If The Fur Fits,Avg. LOS: 55,35,A0058399458,Zina,Dog,"Mixed Breed, Small (under 24 lbs fully grown)",1y 6m 25d,Black/Tan,N,N,Owner/Guardian Surrender/OTC,F,In If the Fur Fits - Trial,If The Fur Fits,,941010003675708,Dog,Mix,10/30/2023 12:00:00 AM,,,Y,4/29/2025 3:33 PM,23.70,Meet and Greet 5/5,Trial,29.20 pound,No,,3,No,,,,,353
  If The Fur Fits,Avg. LOS: 55,35,A0058501202,Maisy,Dog,"Retriever, Labrador",3m 28d,Black/White,N,N,Transfer In/Buffalo City Animal Shelter,F,In If the Fur Fits - Trial,If The Fur Fits,DAISY,941000030451989,Dog,Mix,1/25/2025 12:00:00 AM,,,Y,5/14/2025 2:37 PM,8.80,,Trial,25.00 pound,No,,3,No,,,,,353
  If The Fur Fits,Avg. LOS: 55,35,A0058501212,Cash,Dog,"Terrier, Fox, Smooth",7y 15d,Brown/White,N,N,Transfer In/Buffalo City Animal Shelter,M,In If the Fur Fits - Trial,If The Fur Fits,,991001898003580,Dog,Mix,5/8/2018 12:00:00 AM,,,Y,5/14/2025 2:37 PM,8.80,bmc,Trial,39.00 pound,No,,1,No,,,,,353
  Large Dog Recovery,Avg. LOS: 11,1,A0058434996,Trouble,Dog,"Mixed Breed, Large (over 44 lbs fully grown)",1y 18d,Brown/White,N,Y,Clinic/Medical Treatment,F,Hold - Doc,Large Dog Recovery,,941010003705816,Dog,Mix,5/5/2024 12:00:00 AM,,,Y,5/12/2025 10:08 AM,10.90,,02,47.20 pound,No,,0,No,,,,,353
  Main Offices,Avg. LOS: 24,1,A0058394937,Minnie,Other,CHINCHILLA,N/A,Grey/White,N,U,Seized/Cruelty,U,Hold - Cruelty Foster,Main Offices,,,Rodent,,,,,U,4/29/2025 10:28 AM,23.90,OK PER OFFICER HOMSI,Gina's Office,534.00 gram,No,,3,No,,,,,353
"  Multi-Animal Holding, Room 229",Avg. LOS: 30,14,A0058521446,,Bird,Cockatiel,N/A,Yellow/,N,N,Stray/OTC,U,Hold - Stray,"Multi-Animal Holding, Room 229",,,Domestic (Cage) Bird,,,,,N,5/17/2025 12:22 PM,5.80,,Multi Animal Holding,,No,,0,No,,,,,353
"  Multi-Animal Holding, Room 229",Avg. LOS: 30,14,A0058552890,Penny,Other,CHINCHILLA,N/A,Grey/,N,N,Seized/Signed Over,F,Hold - Behavior,"Multi-Animal Holding, Room 229",,,Rodent,CHINCHILLA,,,,N,5/22/2025 12:17 PM,0.80,,Multi Animal Holding,1.75 pound,No,,0,No,,,,,353
"  Multi-Animal Holding, Room 229",Avg. LOS: 30,14,A0058213029,Rabbit 2,Other,Rex,1m 24d,White/,N,N,Owner/Guardian Surrender/Born in Care,M,Hold - Foster,"Multi-Animal Holding, Room 229",,,Rabbit,Mix,3/29/2025 12:00:00 AM,,,N,3/30/2025 10:17 AM,53.90,weaned from mom rabbit,Rabbitat 1,1.80 pound,No,,0,No,,,,,353
"  Multi-Animal Holding, Room 229",Avg. LOS: 30,14,A0058213033,Rabbit 4,Other,Rex,1m 24d,White/,N,N,Owner/Guardian Surrender/Born in Care,M,Hold - Foster,"Multi-Animal Holding, Room 229",,,Rabbit,Mix,3/29/2025 12:00:00 AM,,,N,3/30/2025 10:17 AM,53.90,weaned from mom rabbit,Rabbitat 1,1.70 pound,No,,0,No,,,,,353
"  Multi-Animal Holding, Room 229",Avg. LOS: 30,14,A0058213035,Rabbit 3,Other,Rex,1m 24d,White/,N,N,Owner/Guardian Surrender/Born in Care,M,Hold - Foster,"Multi-Animal Holding, Room 229",,,Rabbit,Mix,3/29/2025 12:00:00 AM,,,N,3/30/2025 10:17 AM,53.90,weaned from mom rabbit,Rabbitat 1,1.80 pound,No,,0,No,,,,,353
"  Multi-Animal Holding, Room 229",Avg. LOS: 30,14,A0058212979,Bunny 6,Other,Florida White,1m 24d,White/,N,N,Owner/Guardian Surrender/Born in Care,F,Hold - Foster,"Multi-Animal Holding, Room 229",,,Rabbit,Satin,3/29/2025 12:00:00 AM,,,N,3/30/2025 10:06 AM,53.90,returned from FC,Rabbitat 2,1.60 pound,No,,0,No,,,,,353
"  Multi-Animal Holding, Room 229",Avg. LOS: 30,14,A0058212981,Bunny 3,Other,Florida White,1m 24d,White/,N,N,Owner/Guardian Surrender/Born in Care,F,Hold - Foster,"Multi-Animal Holding, Room 229",,,Rabbit,Satin,3/29/2025 12:00:00 AM,,,N,3/30/2025 10:06 AM,53.90,returned from FC,Rabbitat 2,8.80 ounce,No,,0,No,,,,,353
"  Multi-Animal Holding, Room 229",Avg. LOS: 30,14,A0058212982,Bunny 4,Other,Florida White,1m 24d,White/,N,N,Owner/Guardian Surrender/Born in Care,F,Hold - Foster,"Multi-Animal Holding, Room 229",,,Rabbit,Satin,3/29/2025 12:00:00 AM,,,N,3/30/2025 10:06 AM,53.90,returned from FC,Rabbitat 2,1.70 pound,No,,0,No,,,,,353
"  Multi-Animal Holding, Room 229",Avg. LOS: 30,14,A0058462337,VERMENTINO,Cat,Domestic Longhair,1y 6m 15d,Black/White,N,N,Seized/Signed Over,M,Hold - Behavior Mod.,"Multi-Animal Holding, Room 229",48,941919992707133,Cat,,11/8/2023 12:00:00 AM,,,Y,5/8/2025 3:29 PM,14.70,needs time to adjust,Room 1,7.00 pound,No,,0,No,,,,,353
"  Multi-Animal Holding, Room 229",Avg. LOS: 30,14,A0058462380,SEPERAVI,Cat,Domestic Longhair,1y 6m 15d,Black/,N,N,Seized/Signed Over,M,Hold - Behavior Mod.,"Multi-Animal Holding, Room 229",49,941010002713980,Cat,,11/8/2023 12:00:00 AM,,,Y,5/8/2025 3:29 PM,14.70,needs time to adjust,Room 1,7.75 pound,No,,1,No,,,,,353
"  Multi-Animal Holding, Room 229",Avg. LOS: 30,14,A0058470388,DASHWOOD,Cat,Domestic Longhair,1y 14d,Black/,N,N,Seized/Signed Over,F,Hold - Behavior Mod.,"Multi-Animal Holding, Room 229",,941010002697164,Cat,,5/9/2024 12:00:00 AM,,,Y,5/9/2025 3:32 PM,13.70,needs time to adjust,Room 1,5.25 pound,No,,0,No,,,,,353
"  Multi-Animal Holding, Room 229",Avg. LOS: 30,14,A0058446740,De Angeles,Cat,Domestic Longhair,2y 17d,Black/White,N,N,Seized/Signed Over,M,Hold - Behavior Mod.,"Multi-Animal Holding, Room 229",Case #33,941010003636345,Cat,,5/6/2023 12:00:00 AM,,,Y,5/6/2025 3:51 PM,16.70,needs time to adjust,Room 2,,No,,0,No,,,,,353
"  Multi-Animal Holding, Room 229",Avg. LOS: 30,14,A0058448688,Trivento,Cat,Domestic Longhair,2y 16d,Black/,N,N,Seized/Signed Over,M,Hold - Behavior Mod.,"Multi-Animal Holding, Room 229",38,941010003767601,Cat,,5/7/2023 12:00:00 AM,,,Y,5/6/2025 7:00 PM,16.50,needs time to adjust,Room 2,8.30 pound,No,,0,No,,,,,353
"  Multi-Animal Holding, Room 229",Avg. LOS: 30,14,A0058459341,MIRASSOU,Cat,Balinese,2y 15d,Seal/,N,N,Seized/Signed Over,M,Hold - Behavior Mod.,"Multi-Animal Holding, Room 229",45,941010003670450,Cat,Mix,5/8/2023 12:00:00 AM,Point/,,Y,5/8/2025 12:59 PM,14.80,needs time to adjust,Room 2,5.75 pound,No,,0,No,,,,,353
  Offsite Adoptions,Avg. LOS: 33,9,A0058492898,Brownie,Other,GUINEA PIG,3y 10d,Black/Rust,N,N,Owner/Guardian Surrender/Guardian Surrender - OTC!,M,Available,Offsite Adoptions,,,Rodent,,5/13/2022 12:00:00 AM,Tricolor/,,N,5/19/2025 1:46 PM,3.80,,Petsmart Clarence,2.00 pound,No,,3,No,,,,,353
  Offsite Adoptions,Avg. LOS: 33,9,A0058492911,Teddy,Other,GUINEA PIG,3y 10d,Black/White,N,N,Owner/Guardian Surrender/Guardian Surrender - OTC!,M,Available,Offsite Adoptions,,,Rodent,,5/13/2022 12:00:00 AM,Tricolor/,,N,5/19/2025 1:46 PM,3.80,,Petsmart Clarence,2.00 pound,No,,3,No,,,,,353
  Offsite Adoptions,Avg. LOS: 33,9,A0058248706,Sita,Cat,Domestic Shorthair,2m 5d,Grey/,N,N,Stray/No Hold,M,Available,Offsite Adoptions,,941010003819623,Cat,Mix,3/18/2025 12:00:00 AM,Tabby/,,Y,4/7/2025 1:39 PM,45.80,,Petsmart Orchard Pk,2.50 pound,No,,3,No,,,,,353
  Offsite Adoptions,Avg. LOS: 33,9,A0058248716,Frank,Cat,Domestic Shorthair,2m 5d,Grey/White,N,N,Stray/No Hold,M,Available,Offsite Adoptions,FRAC,941010003818999,Cat,Mix,3/18/2025 12:00:00 AM,Tabby/,,Y,4/7/2025 1:39 PM,45.80,,Petsmart Orchard Pk,2.25 pound,No,,3,No,,,,,353
  Offsite Adoptions,Avg. LOS: 33,9,A0058248719,Peenza,Cat,Domestic Shorthair,2m 5d,Grey/,N,N,Stray/OTC,M,Available,Offsite Adoptions,,941010002861149,Cat,Mix,3/18/2025 12:00:00 AM,Tabby/,,Y,4/7/2025 1:39 PM,45.80,,Petsmart Orchard Pk,2.25 pound,No,,2,No,,,,,353
  Offsite Adoptions,Avg. LOS: 33,9,A0058300170,Bailey,Cat,Domestic Shorthair,2m 18d,Brown/,N,N,Owner/Guardian Surrender/Evaluation/Poss Adopt - OTC!,F,Available,Offsite Adoptions,,941010002884858,Cat,Mix,3/5/2025 12:00:00 AM,Tabby/,,Y,4/14/2025 8:47 AM,39.00,,PetSuppliesPlus OP,2.80 pound,No,,3,No,,,,,353
  Offsite Adoptions,Avg. LOS: 33,9,A0058300171,Blake,Cat,Domestic Shorthair,2m 18d,Black/White,N,N,Owner/Guardian Surrender/Evaluation/Poss Adopt - OTC!,M,Available,Offsite Adoptions,,941010002903769,Cat,Mix,3/5/2025 12:00:00 AM,,,Y,4/14/2025 8:47 AM,39.00,,PetSuppliesPlus OP,2.80 pound,No,,3,No,,,,,353
  Offsite Adoptions,Avg. LOS: 33,9,A0058300172,Brooke,Cat,Domestic Shorthair,2m 18d,Black/,N,N,Owner/Guardian Surrender/Evaluation/Poss Adopt - OTC!,F,Available,Offsite Adoptions,,941010002914761,Cat,Mix,3/5/2025 12:00:00 AM,,,Y,4/14/2025 8:47 AM,39.00,,PetSuppliesPlus OP,2.80 pound,No,,3,No,,,,,353
  Offsite Adoptions,Avg. LOS: 33,9,A0058300177,Brielle,Cat,Domestic Shorthair,2m 18d,Black/,N,N,Owner/Guardian Surrender/Evaluation/Poss Adopt - OTC!,F,Available,Offsite Adoptions,,941010002869129,Cat,Mix,3/5/2025 12:00:00 AM,,,Y,4/14/2025 8:47 AM,39.00,,PetSuppliesPlus OP,2.80 pound,No,,3,No,,,,,353
  Receiving,Avg. LOS: 0,3,A0058549497,SILKY,Cat,Domestic Shorthair,2y 2d,Brown/,N,N,Owner/Guardian Surrender/Evaluation/Poss Adopt - FIELD!,F,Evaluate,Receiving,,,Cat,Mix,5/21/2023 12:00:00 AM,Tabby/,,N,5/23/2025 7:53 AM,0.00,,Receiving,,No,,0,No,,,,,353
  Receiving,Avg. LOS: 0,3,A0058553591,,Bird,Chicken,N/A,Brown/White,N,N,Stray/Field,U,Hold - Stray,Receiving,,,Farm Type Fowl,,,,,N,5/23/2025 7:47 AM,0.00,,Receiving,,No,,0,No,,,,,353
  Receiving,Avg. LOS: 0,3,A0058553595,,Bird,Chicken,N/A,Brown/White,N,N,Stray/Field,U,Hold - Stray,Receiving,,,Farm Type Fowl,,,,,N,5/23/2025 7:47 AM,0.00,,Receiving,,No,,0,No,,,,,353
  Small Animals & Exotics,Avg. LOS: 7,5,A0058467665,INDIGO,Bird,Parakeet (Budgie),N/A,Blue/White/White,N,N,Stray/OTC,M,Available,Small Animals & Exotics,,,Domestic (Cage) Bird,,,,,N,5/9/2025 12:21 PM,13.80,,Bird Cage 2,27.00 gram,No,,3,No,,,,,353
  Small Animals & Exotics,Avg. LOS: 7,5,A0058480470,OCEAN,Bird,Parakeet (Budgie),N/A,Blue/,N,N,Stray/OTC,M,Available,Small Animals & Exotics,,,Domestic (Cage) Bird,,,,,N,5/12/2025 3:31 PM,10.70,CLEAR,Bird Cage 4,31.00 gram,No,,2,No,,,,,353
  Small Animals & Exotics,Avg. LOS: 7,5,A0058529193,TRUFFLE,Other,GUINEA PIG,6y 4d,Silver/White,N,N,Owner/Guardian Surrender/Evaluation/Poss Adopt - OTC!,M,Available,Small Animals & Exotics,,,Rodent,,5/19/2019 12:00:00 AM,,,N,5/20/2025 8:12 AM,3.00,,Countertop Cage 1,2.25 pound,No,,3,No,,,,,353
  Small Animals & Exotics,Avg. LOS: 7,5,A0058529201,OREO,Other,GUINEA PIG,6y 4d,Brown/White,N,N,Owner/Guardian Surrender/Evaluation/Poss Adopt - OTC!,M,Available,Small Animals & Exotics,,,Rodent,,5/19/2019 12:00:00 AM,,,N,5/20/2025 8:12 AM,3.00,,Mammal 3,2.25 pound,No,,3,No,,,,,353
  Small Animals & Exotics,Avg. LOS: 7,5,A0058529183,S'MORE,Other,GUINEA PIG,6y 4d,White/Brown,N,N,Owner/Guardian Surrender/Evaluation/Poss Adopt - OTC!,M,Available,Small Animals & Exotics,,,Rodent,,5/19/2019 12:00:00 AM,Tricolor/,,N,5/20/2025 8:12 AM,3.00,,Mammal 4,2.50 pound,No,,3,No,,,,,353

